Workbook

Sheet INFORMACION
B2: Información del Jugador
B3: Nombre | C3: Valentina Cruz
B4: Mail | C4: mvcruz92@gmail.com
B5: ¿Cuál es el mejor equipo del mundo? | C5: =IF(D5="","Seleccione de la lista ->","Real Madrid") -> Seleccione de la lista -> | G5: Chelsea
B6: Si no existiera Brasil, quien ganaría la copa? | C6: Chile | G6: Barcelona
G7: PSG
G8: Bayern Munich
G9: Real Madrid
G10: Arsenal
G11: Atl. Madrid
G12: Liverpool
G13: Man United
G14: Boca
G15: River
G16: Santos
G17: Independiente
G18: Palmeiras
... G24: Totti

Sheet Grupo A
B3: GRUPO A
C5: 2 | D5: 3 | E5: 5 | F5: 6 | G5: 4
B6: Tabla de Posiciones | J6: Fecha | K6: Partidos | P6: 1 | Q6: 2 | R6: Ganador | T6: Orden | U6: Equipo | V6: Puntos | W6: DG | X6: GF | Y6: GC | AB6: Equipo | AC6: Empatado Con | AD6: Ganador | AE6: Ganador? | AF6: Formula Rank | AG6: Formula Rank Con Duelo Directo | AH6: Formula Rank Con Prioridad
B7: Posición | C7: Equipo | D7: Puntos | E7: GF | F7: GC | G7: DG | I7: 1 | J7: 44360 | K7: Brasil | L7: 3 | M7: 0 | N7: Venezuela | O7: =_xlfn.CONCAT(K7,"_",N7) -> Brasil_Venezuela | P7: =IF(L7>M7,3,IF(L7<M7,0,1)) -> 3 | Q7: =IF(P7=3,0,IF(P7=1,1,3)) -> 0 | R7: =IF(P7>Q7,K7,IF(Q7>P7,N7,"SIN GANADOR")) -> Brasil | T7: =_xlfn.RANK.EQ(AH7,AH$7:AH$11,1) -> 1 | U7: Brasil | V7: =SUMIF($K$7:$K$16,U7,$P$7:$P$16) + SUMIF($N$7:$N$16,U7,$Q$7:$Q$16) -> 12 | W7: =X7-Y7 -> 7 | X7: =SUMIF($K$7:$K$16,U7,$L$7:$L$16) + SUMIF($N$7:$N$16,U7,$M$7:$M$16) -> 9 | Y7: =SUMIF($K$7:$K$16,U7,$M$7:$M$16) + SUMIF($N$7:$N$16,U7,$L$7:$L$16) -> 2 | AB7: =U7 -> Brasil | AC7: =IF(AF7=AF8,AB8,IF(AF7=AF9,AB9,IF(AF7=AF10,AB10,IF(AF7=AF11,AB11,"")))) | AD7: =IF(AC7="","",IFERROR(VLOOKUP(CONCATENATE(AB7,"_",AC7),$O$7:$R$16,4,FALSE),VLOOKUP(CONCATENATE(AC7,"_",AB7),$O$7:$R$16,4,FALSE))) | AE7: =IF(AD7="",1,IF(AD7=AB7,1,0)) -> 1 | AF7: =-V7*10000000 - W7*10000 - X7*100 -> -120070900 | AG7: =AF7-AE7*10 -> -120070910 | AH7: =AG7+N23 -> -120070909
B8: 1 | C8: =IFERROR(VLOOKUP($B8,$T$7:$Y$11,C$5,FALSE),"") -> Brasil | D8: =IFERROR(VLOOKUP($B8,$T$7:$Y$11,D$5,FALSE),"") -> 12 | E8: =IFERROR(VLOOKUP($B8,$T$7:$Y$11,E$5,FALSE),"") -> 9 | F8: =IFERROR(VLOOKUP($B8,$T$7:$Y$11,F$5,FALSE),"") -> 2 | G8: =IFERROR(VLOOKUP($B8,$T$7:$Y$11,G$5,FALSE),"") -> 7 | I8: 2 | J8: 44360 | K8: Colombia | L8: 0 | M8: 1 | N8: Ecuador | O8: =_xlfn.CONCAT(K8,"_",N8) -> Colombia_Ecuador | P8: =IF(L8>M8,3,IF(L8<M8,0,1)) -> 0 | Q8: =IF(P8=3,0,IF(P8=1,1,3)) -> 3 | R8: =IF(P8>Q8,K8,IF(Q8>P8,N8,"SIN GANADOR")) -> Ecuador | T8: =_xlfn.RANK.EQ(AH8,AH$7:AH$11,1) -> 4 | U8: Colombia | V8: =SUMIF($K$7:$K$16,U8,$P$7:$P$16) + SUMIF($N$7:$N$16,U8,$Q$7:$Q$16) -> 4 | W8: =X8-Y8 -> -1 | X8: =SUMIF($K$7:$K$16,U8,$L$7:$L$16) + SUMIF($N$7:$N$16,U8,$M$7:$M$16) -> 3 | Y8: =SUMIF($K$7:$K$16,U8,$M$7:$M$16) + SUMIF($N$7:$N$16,U8,$L$7:$L$16) -> 4 | AB8: =U8 -> Colombia | AC8: =IF(AF8=AF9,AB9,IF(AF8=AF10,AB10,IF(AF8=AF11,AB11,IF(AF8=AF7,AB7,"")))) | AD8: =IF(AC8="","",IFERROR(VLOOKUP(CONCATENATE(AB8,"_",AC8),$O$7:$R$16,4,FALSE),VLOOKUP(CONCATENATE(AC8,"_",AB8),$O$7:$R$16,4,FALSE))) | AE8: =IF(AD8="",1,IF(AD8=AB8,1,0)) -> 1 | AF8: =-V8*10000000 - W8*10000 - X8*100 -> -39990300 | AG8: =AF8-AE8*10 -> -39990310 | AH8: =AG8+N24 -> -39990307
B9: 2 | C9: =IFERROR(VLOOKUP($B9,$T$7:$Y$11,C$5,FALSE),"") -> Ecuador | D9: =IFERROR(VLOOKUP($B9,$T$7:$Y$11,D$5,FALSE),"") -> 9 | E9: =IFERROR(VLOOKUP($B9,$T$7:$Y$11,E$5,FALSE),"") -> 6 | F9: =IFERROR(VLOOKUP($B9,$T$7:$Y$11,F$5,FALSE),"") -> 3 | G9: =IFERROR(VLOOKUP($B9,$T$7:$Y$11,G$5,FALSE),"") -> 3 | I9: 5 | J9: 44364 | K9: Colombia | L9: 1 | M9: 0 | N9: Venezuela | O9: =_xlfn.CONCAT(K9,"_",N9) -> Colombia_Venezuela | P9: =IF(L9>M9,3,IF(L9<M9,0,1)) -> 3 | Q9: =IF(P9=3,0,IF(P9=1,1,3)) -> 0 | R9: =IF(P9>Q9,K9,IF(Q9>P9,N9,"SIN GANADOR")) -> Colombia | T9: =_xlfn.RANK.EQ(AH9,AH$7:AH$11,1) -> 2 | U9: Ecuador | V9: =SUMIF($K$7:$K$16,U9,$P$7:$P$16) + SUMIF($N$7:$N$16,U9,$Q$7:$Q$16) -> 9 | W9: =X9-Y9 -> 3 | X9: =SUMIF($K$7:$K$16,U9,$L$7:$L$16) + SUMIF($N$7:$N$16,U9,$M$7:$M$16) -> 6 | Y9: =SUMIF($K$7:$K$16,U9,$M$7:$M$16) + SUMIF($N$7:$N$16,U9,$L$7:$L$16) -> 3 | AB9: =U9 -> Ecuador | AC9: =IF(AF9=AF10,AB10,IF(AF9=AF11,AB11,IF(AF9=AF7,AB7,IF(AF9=AF8,AB8,"")))) | AD9: =IF(AC9="","",IFERROR(VLOOKUP(CONCATENATE(AB9,"_",AC9),$O$7:$R$16,4,FALSE),VLOOKUP(CONCATENATE(AC9,"_",AB9),$O$7:$R$16,4,FALSE))) | AE9: =IF(AD9="",1,IF(AD9=AB9,1,0)) -> 1 | AF9: =-V9*10000000 - W9*10000 - X9*100 -> -90030600 | AG9: =AF9-AE9*10 -> -90030610 | AH9: =AG9+N25 -> -90030608
B10: 3 | C10: =IFERROR(VLOOKUP($B10,$T$7:$Y$11,C$5,FALSE),"") -> Peru | D10: =IFERROR(VLOOKUP($B10,$T$7:$Y$11,D$5,FALSE),"") -> 4 | E10: =IFERROR(VLOOKUP($B10,$T$7:$Y$11,E$5,FALSE),"") -> 4 | F10: =IFERROR(VLOOKUP($B10,$T$7:$Y$11,F$5,FALSE),"") -> 5 | G10: =IFERROR(VLOOKUP($B10,$T$7:$Y$11,G$5,FALSE),"") -> -1 | I10: 6 | J10: 44364 | K10: Peru | L10: 0 | M10: 2 | N10: Brasil | O10: =_xlfn.CONCAT(K10,"_",N10) -> Peru_Brasil | P10: =IF(L10>M10,3,IF(L10<M10,0,1)) -> 0 | Q10: =IF(P10=3,0,IF(P10=1,1,3)) -> 3 | R10: =IF(P10>Q10,K10,IF(Q10>P10,N10,"SIN GANADOR")) -> Brasil | T10: =_xlfn.RANK.EQ(AH10,AH$7:AH$11,1) -> 3 | U10: Peru | V10: =SUMIF($K$7:$K$16,U10,$P$7:$P$16) + SUMIF($N$7:$N$16,U10,$Q$7:$Q$16) -> 4 | W10: =X10-Y10 -> -1 | X10: =SUMIF($K$7:$K$16,U10,$L$7:$L$16) + SUMIF($N$7:$N$16,U10,$M$7:$M$16) -> 4 | Y10: =SUMIF($K$7:$K$16,U10,$M$7:$M$16) + SUMIF($N$7:$N$16,U10,$L$7:$L$16) -> 5 | AB10: =U10 -> Peru | AC10: =IF(AF10=AF11,AB11,IF(AF10=AF7,AB7,IF(AF10=AF8,AB8,IF(AF10=AF9,AB9,"")))) | AD10: =IF(AC10="","",IFERROR(VLOOKUP(CONCATENATE(AB10,"_",AC10),$O$7:$R$16,4,FALSE),VLOOKUP(CONCATENATE(AC10,"_",AB10),$O$7:$R$16,4,FALSE))) | AE10: =IF(AD10="",1,IF(AD10=AB10,1,0)) -> 1 | AF10: =-V10*10000000 - W10*10000 - X10*100 -> -39990400 | AG10: =AF10-AE10*10 -> -39990410 | AH10: =AG10+N26 -> -39990406
B11: 4 | C11: =IFERROR(VLOOKUP($B11,$T$7:$Y$11,C$5,FALSE),"") -> Colombia | D11: =IFERROR(VLOOKUP($B11,$T$7:$Y$11,D$5,FALSE),"") -> 4 | E11: =IFERROR(VLOOKUP($B11,$T$7:$Y$11,E$5,FALSE),"") -> 3 | F11: =IFERROR(VLOOKUP($B11,$T$7:$Y$11,F$5,FALSE),"") -> 4 | G11: =IFERROR(VLOOKUP($B11,$T$7:$Y$11,G$5,FALSE),"") -> -1 | I11: 9 | J11: 44367 | K11: Venezuela | L11: 0 | M11: 2 | N11: Ecuador | O11: =_xlfn.CONCAT(K11,"_",N11) -> Venezuela_Ecuador | P11: =IF(L11>M11,3,IF(L11<M11,0,1)) -> 0 | Q11: =IF(P11=3,0,IF(P11=1,1,3)) -> 3 | R11: =IF(P11>Q11,K11,IF(Q11>P11,N11,"SIN GANADOR")) -> Ecuador | T11: =_xlfn.RANK.EQ(AH11,AH$7:AH$11,1) -> 5 | U11: Venezuela | V11: =SUMIF($K$7:$K$16,U11,$P$7:$P$16) + SUMIF($N$7:$N$16,U11,$Q$7:$Q$16) -> 0 | W11: =X11-Y11 -> -8 | X11: =SUMIF($K$7:$K$16,U11,$L$7:$L$16) + SUMIF($N$7:$N$16,U11,$M$7:$M$16) -> 0 | Y11: =SUMIF($K$7:$K$16,U11,$M$7:$M$16) + SUMIF($N$7:$N$16,U11,$L$7:$L$16) -> 8 | AB11: =U11 -> Venezuela | AC11: =IF(AF11=AF7,AB7,IF(AF11=AF8,AB8,IF(AF11=AF9,AB9,IF(AF11=AF10,AB10,"")))) | AD11: =IF(AC11="","",IFERROR(VLOOKUP(CONCATENATE(AB11,"_",AC11),$O$7:$R$16,4,FALSE),VLOOKUP(CONCATENATE(AC11,"_",AB11),$O$7:$R$16,4,FALSE))) | AE11: =IF(AD11="",1,IF(AD11=AB11,1,0)) -> 1 | AF11: =-V11*10000000 - W11*10000 - X11*100 -> 80000 | AG11: =AF11-AE11*10 -> 79990 | AH11: =AG11+N27 -> 79995
B12: 5 | C12: =IFERROR(VLOOKUP($B12,$T$7:$Y$11,C$5,FALSE),"") -> Venezuela | D12: =IFERROR(VLOOKUP($B12,$T$7:$Y$11,D$5,FALSE),"") -> 0 | E12: =IFERROR(VLOOKUP($B12,$T$7:$Y$11,E$5,FALSE),"") -> 0 | F12: =IFERROR(VLOOKUP($B12,$T$7:$Y$11,F$5,FALSE),"") -> 8 | G12: =IFERROR(VLOOKUP($B12,$T$7:$Y$11,G$5,FALSE),"") -> -8 | I12: 10 | J12: 44367 | K12: Colombia | L12: 1 | M12: 1 | N12: Peru | O12: =_xlfn.CONCAT(K12,"_",N12) -> Colombia_Peru | P12: =IF(L12>M12,3,IF(L12<M12,0,1)) -> 1 | Q12: =IF(P12=3,0,IF(P12=1,1,3)) -> 1 | R12: =IF(P12>Q12,K12,IF(Q12>P12,N12,"SIN GANADOR")) -> SIN GANADOR
I13: 13 | J13: 44370 | K13: Ecuador | L13: 2 | M13: 1 | N13: Peru | O13: =_xlfn.CONCAT(K13,"_",N13) -> Ecuador_Peru | P13: =IF(L13>M13,3,IF(L13<M13,0,1)) -> 3 | Q13: =IF(P13=3,0,IF(P13=1,1,3)) -> 0 | R13: =IF(P13>Q13,K13,IF(Q13>P13,N13,"SIN GANADOR")) -> Ecuador
I14: 14 | J14: 44370 | K14: Colombia | L14: 1 | M14: 2 | N14: Brasil | O14: =_xlfn.CONCAT(K14,"_",N14) -> Colombia_Brasil | P14: =IF(L14>M14,3,IF(L14<M14,0,1)) -> 0 | Q14: =IF(P14=3,0,IF(P14=1,1,3)) -> 3 | R14: =IF(P14>Q14,K14,IF(Q14>P14,N14,"SIN GANADOR")) -> Brasil
I15: 17 | J15: 44374 | K15: Ecuador | L15: 1 | M15: 2 | N15: Brasil | O15: =_xlfn.CONCAT(K15,"_",N15) -> Ecuador_Brasil | P15: =IF(L15>M15,3,IF(L15<M15,0,1)) -> 0 | Q15: =IF(P15=3,0,IF(P15=1,1,3)) -> 3 | R15: =IF(P15>Q15,K15,IF(Q15>P15,N15,"SIN GANADOR")) -> Brasil
I16: 18 | J16: 44374 | K16: Venezuela | L16: 0 | M16: 2 | N16: Peru | O16: =_xlfn.CONCAT(K16,"_",N16) -> Venezuela_Peru | P16: =IF(L16>M16,3,IF(L16<M16,0,1)) -> 0 | Q16: =IF(P16=3,0,IF(P16=1,1,3)) -> 3 | R16: =IF(P16>Q16,K16,IF(Q16>P16,N16,"SIN GANADOR")) -> Peru
B22: El recuadro de la derecha sirve para desempatar, en caso de que haya empate entre | I22: 1 | J22: Escoja por prioridad los siguientes equipos:
B23: uno o más equipos en todos los criterios considerados. | I23: =IF(J23="",0,1) -> 1 | J23: Brasil | M23: 1 | N23: =IF(J23="",0,M23) -> 1
B24: Para utilizarlo, asigne una prioridad entre 1 y 5 (siendo más bajo mejor) a cada equipo. | I24: =IF(J24="",0,1) -> 1 | J24: Colombia | M24: 3 | N24: =IF(J24="",0,M24) -> 3
B25: Puede pensarlo como el lugar que quedarían en la tabla de posiciones. | I25: =IF(J25="",0,1) -> 1 | J25: Ecuador | M25: 2 | N25: =IF(J25="",0,M25) -> 2
B26: A modo de ejemplo, si su predicción es que todos los partidos terminan 0-0, el orden | I26: =IF(J26="",0,1) -> 1 | J26: Peru | M26: 4 | N26: =IF(J26="",0,M26) -> 4
B27: asignado en este recuadro es el que finalmente quedará en la tabla de posiciones. | I27: =IF(J27="",0,1) -> 1 | J27: Venezuela | M27: 5 | N27: =IF(J27="",0,M27) -> 5

Sheet Grupo B
B3: GRUPO B
C5: 2 | D5: 3 | E5: 5 | F5: 6 | G5: 4
B6: Tabla de Posiciones | J6: Fecha | K6: Partidos | P6: 1 | Q6: 2 | R6: Ganador | T6: Orden | U6: Equipo | V6: Puntos | W6: DG | X6: GF | Y6: GC | AB6: Equipo | AC6: Empatado Con | AD6: Ganador | AE6: Ganador? | AF6: Formula Rank | AG6: Formula Rank Con Duelo Directo | AH6: Formula Rank Con Prioridad
B7: Posición | C7: Equipo | D7: Puntos | E7: GF | F7: GC | G7: DG | I7: 3 | J7: 44361 | K7: Argentina | L7: 1 | M7: 1 | N7: Chile | O7: =_xlfn.CONCAT(K7,"_",N7) -> Argentina_Chile | P7: =IF(L7>M7,3,IF(L7<M7,0,1)) -> 1 | Q7: =IF(P7=3,0,IF(P7=1,1,3)) -> 1 | R7: =IF(P7>Q7,K7,IF(Q7>P7,N7,"SIN GANADOR")) -> SIN GANADOR | T7: =_xlfn.RANK.EQ(AH7,AH$7:AH$11,1) -> 1 | U7: Argentina | V7: =SUMIF($K$7:$K$16,U7,$P$7:$P$16) + SUMIF($N$7:$N$16,U7,$Q$7:$Q$16) -> 10 | W7: =X7-Y7 -> 5 | X7: =SUMIF($K$7:$K$16,U7,$L$7:$L$16) + SUMIF($N$7:$N$16,U7,$M$7:$M$16) -> 7 | Y7: =SUMIF($K$7:$K$16,U7,$M$7:$M$16) + SUMIF($N$7:$N$16,U7,$L$7:$L$16) -> 2 | AB7: =U7 -> Argentina | AC7: =IF(AF7=AF8,AB8,IF(AF7=AF9,AB9,IF(AF7=AF10,AB10,IF(AF7=AF11,AB11,"")))) | AD7: =IF(AC7="","",IFERROR(VLOOKUP(CONCATENATE(AB7,"_",AC7),$O$7:$R$16,4,FALSE),VLOOKUP(CONCATENATE(AC7,"_",AB7),$O$7:$R$16,4,FALSE))) | AE7: =IF(AD7="",1,IF(AD7=AB7,1,0)) -> 1 | AF7: =-V7*10000000 - W7*10000 - X7*100 -> -100050700 | AG7: =AF7-AE7*10 -> -100050710 | AH7: =AG7+N23 -> -100050709
B8: 1 | C8: =IFERROR(VLOOKUP($B8,$T$7:$Y$11,C$5,FALSE),"") -> Argentina | D8: =IFERROR(VLOOKUP($B8,$T$7:$Y$11,D$5,FALSE),"") -> 10 | E8: =IFERROR(VLOOKUP($B8,$T$7:$Y$11,E$5,FALSE),"") -> 7 | F8: =IFERROR(VLOOKUP($B8,$T$7:$Y$11,F$5,FALSE),"") -> 2 | G8: =IFERROR(VLOOKUP($B8,$T$7:$Y$11,G$5,FALSE),"") -> 5 | I8: 4 | J8: 44361 | K8: Paraguay | L8: 0 | M8: 0 | N8: Bolivia | O8: =_xlfn.CONCAT(K8,"_",N8) -> Paraguay_Bolivia | P8: =IF(L8>M8,3,IF(L8<M8,0,1)) -> 1 | Q8: =IF(P8=3,0,IF(P8=1,1,3)) -> 1 | R8: =IF(P8>Q8,K8,IF(Q8>P8,N8,"SIN GANADOR")) -> SIN GANADOR | T8: =_xlfn.RANK.EQ(AH8,AH$7:AH$11,1) -> 5 | U8: Bolivia | V8: =SUMIF($K$7:$K$16,U8,$P$7:$P$16) + SUMIF($N$7:$N$16,U8,$Q$7:$Q$16) -> 1 | W8: =X8-Y8 -> -5 | X8: =SUMIF($K$7:$K$16,U8,$L$7:$L$16) + SUMIF($N$7:$N$16,U8,$M$7:$M$16) -> 0 | Y8: =SUMIF($K$7:$K$16,U8,$M$7:$M$16) + SUMIF($N$7:$N$16,U8,$L$7:$L$16) -> 5 | AB8: =U8 -> Bolivia | AC8: =IF(AF8=AF9,AB9,IF(AF8=AF10,AB10,IF(AF8=AF11,AB11,IF(AF8=AF7,AB7,"")))) -> Paraguay | AD8: =IF(AC8="","",IFERROR(VLOOKUP(CONCATENATE(AB8,"_",AC8),$O$7:$R$16,4,FALSE),VLOOKUP(CONCATENATE(AC8,"_",AB8),$O$7:$R$16,4,FALSE))) -> SIN GANADOR | AE8: =IF(AD8="",1,IF(AD8=AB8,1,0)) -> 0 | AF8: =-V8*10000000 - W8*10000 - X8*100 -> -9950000 | AG8: =AF8-AE8*10 -> -9950000 | AH8: =AG8+N24 -> -9949995
B9: 2 | C9: =IFERROR(VLOOKUP($B9,$T$7:$Y$11,C$5,FALSE),"") -> Chile | D9: =IFERROR(VLOOKUP($B9,$T$7:$Y$11,D$5,FALSE),"") -> 10 | E9: =IFERROR(VLOOKUP($B9,$T$7:$Y$11,E$5,FALSE),"") -> 5 | F9: =IFERROR(VLOOKUP($B9,$T$7:$Y$11,F$5,FALSE),"") -> 1 | G9: =IFERROR(VLOOKUP($B9,$T$7:$Y$11,G$5,FALSE),"") -> 4 | I9: 7 | J9: 44365 | K9: Chile | L9: 1 | M9: 0 | N9: Bolivia | O9: =_xlfn.CONCAT(K9,"_",N9) -> Chile_Bolivia | P9: =IF(L9>M9,3,IF(L9<M9,0,1)) -> 3 | Q9: =IF(P9=3,0,IF(P9=1,1,3)) -> 0 | R9: =IF(P9>Q9,K9,IF(Q9>P9,N9,"SIN GANADOR")) -> Chile | T9: =_xlfn.RANK.EQ(AH9,AH$7:AH$11,1) -> 2 | U9: Chile | V9: =SUMIF($K$7:$K$16,U9,$P$7:$P$16) + SUMIF($N$7:$N$16,U9,$Q$7:$Q$16) -> 10 | W9: =X9-Y9 -> 4 | X9: =SUMIF($K$7:$K$16,U9,$L$7:$L$16) + SUMIF($N$7:$N$16,U9,$M$7:$M$16) -> 5 | Y9: =SUMIF($K$7:$K$16,U9,$M$7:$M$16) + SUMIF($N$7:$N$16,U9,$L$7:$L$16) -> 1 | AB9: =U9 -> Chile | AC9: =IF(AF9=AF10,AB10,IF(AF9=AF11,AB11,IF(AF9=AF7,AB7,IF(AF9=AF8,AB8,"")))) | AD9: =IF(AC9="","",IFERROR(VLOOKUP(CONCATENATE(AB9,"_",AC9),$O$7:$R$16,4,FALSE),VLOOKUP(CONCATENATE(AC9,"_",AB9),$O$7:$R$16,4,FALSE))) | AE9: =IF(AD9="",1,IF(AD9=AB9,1,0)) -> 1 | AF9: =-V9*10000000 - W9*10000 - X9*100 -> -100040500 | AG9: =AF9-AE9*10 -> -100040510 | AH9: =AG9+N25 -> -100040508
B10: 3 | C10: =IFERROR(VLOOKUP($B10,$T$7:$Y$11,C$5,FALSE),"") -> Uruguay | D10: =IFERROR(VLOOKUP($B10,$T$7:$Y$11,D$5,FALSE),"") -> 6 | E10: =IFERROR(VLOOKUP($B10,$T$7:$Y$11,E$5,FALSE),"") -> 4 | F10: =IFERROR(VLOOKUP($B10,$T$7:$Y$11,F$5,FALSE),"") -> 3 | G10: =IFERROR(VLOOKUP($B10,$T$7:$Y$11,G$5,FALSE),"") -> 1 | I10: 8 | J10: 44365 | K10: Argentina | L10: 2 | M10: 1 | N10: Uruguay | O10: =_xlfn.CONCAT(K10,"_",N10) -> Argentina_Uruguay | P10: =IF(L10>M10,3,IF(L10<M10,0,1)) -> 3 | Q10: =IF(P10=3,0,IF(P10=1,1,3)) -> 0 | R10: =IF(P10>Q10,K10,IF(Q10>P10,N10,"SIN GANADOR")) -> Argentina | T10: =_xlfn.RANK.EQ(AH10,AH$7:AH$11,1) -> 4 | U10: Paraguay | V10: =SUMIF($K$7:$K$16,U10,$P$7:$P$16) + SUMIF($N$7:$N$16,U10,$Q$7:$Q$16) -> 1 | W10: =X10-Y10 -> -5 | X10: =SUMIF($K$7:$K$16,U10,$L$7:$L$16) + SUMIF($N$7:$N$16,U10,$M$7:$M$16) -> 0 | Y10: =SUMIF($K$7:$K$16,U10,$M$7:$M$16) + SUMIF($N$7:$N$16,U10,$L$7:$L$16) -> 5 | AB10: =U10 -> Paraguay | AC10: =IF(AF10=AF11,AB11,IF(AF10=AF7,AB7,IF(AF10=AF8,AB8,IF(AF10=AF9,AB9,"")))) -> Bolivia | AD10: =IF(AC10="","",IFERROR(VLOOKUP(CONCATENATE(AB10,"_",AC10),$O$7:$R$16,4,FALSE),VLOOKUP(CONCATENATE(AC10,"_",AB10),$O$7:$R$16,4,FALSE))) -> SIN GANADOR | AE10: =IF(AD10="",1,IF(AD10=AB10,1,0)) -> 0 | AF10: =-V10*10000000 - W10*10000 - X10*100 -> -9950000 | AG10: =AF10-AE10*10 -> -9950000 | AH10: =AG10+N26 -> -9949996
B11: 4 | C11: =IFERROR(VLOOKUP($B11,$T$7:$Y$11,C$5,FALSE),"") -> Paraguay | D11: =IFERROR(VLOOKUP($B11,$T$7:$Y$11,D$5,FALSE),"") -> 1 | E11: =IFERROR(VLOOKUP($B11,$T$7:$Y$11,E$5,FALSE),"") -> 0 | F11: =IFERROR(VLOOKUP($B11,$T$7:$Y$11,F$5,FALSE),"") -> 5 | G11: =IFERROR(VLOOKUP($B11,$T$7:$Y$11,G$5,FALSE),"") -> -5 | I11: 11 | J11: 44368 | K11: Uruguay | L11: 0 | M11: 1 | N11: Chile | O11: =_xlfn.CONCAT(K11,"_",N11) -> Uruguay_Chile | P11: =IF(L11>M11,3,IF(L11<M11,0,1)) -> 0 | Q11: =IF(P11=3,0,IF(P11=1,1,3)) -> 3 | R11: =IF(P11>Q11,K11,IF(Q11>P11,N11,"SIN GANADOR")) -> Chile | T11: =_xlfn.RANK.EQ(AH11,AH$7:AH$11,1) -> 3 | U11: Uruguay | V11: =SUMIF($K$7:$K$16,U11,$P$7:$P$16) + SUMIF($N$7:$N$16,U11,$Q$7:$Q$16) -> 6 | W11: =X11-Y11 -> 1 | X11: =SUMIF($K$7:$K$16,U11,$L$7:$L$16) + SUMIF($N$7:$N$16,U11,$M$7:$M$16) -> 4 | Y11: =SUMIF($K$7:$K$16,U11,$M$7:$M$16) + SUMIF($N$7:$N$16,U11,$L$7:$L$16) -> 3 | AB11: =U11 -> Uruguay | AC11: =IF(AF11=AF7,AB7,IF(AF11=AF8,AB8,IF(AF11=AF9,AB9,IF(AF11=AF10,AB10,"")))) | AD11: =IF(AC11="","",IFERROR(VLOOKUP(CONCATENATE(AB11,"_",AC11),$O$7:$R$16,4,FALSE),VLOOKUP(CONCATENATE(AC11,"_",AB11),$O$7:$R$16,4,FALSE))) | AE11: =IF(AD11="",1,IF(AD11=AB11,1,0)) -> 1 | AF11: =-V11*10000000 - W11*10000 - X11*100 -> -60010400 | AG11: =AF11-AE11*10 -> -60010410 | AH11: =AG11+N27 -> -60010407
B12: 5 | C12: =IFERROR(VLOOKUP($B12,$T$7:$Y$11,C$5,FALSE),"") -> Bolivia | D12: =IFERROR(VLOOKUP($B12,$T$7:$Y$11,D$5,FALSE),"") -> 1 | E12: =IFERROR(VLOOKUP($B12,$T$7:$Y$11,E$5,FALSE),"") -> 0 | F12: =IFERROR(VLOOKUP($B12,$T$7:$Y$11,F$5,FALSE),"") -> 5 | G12: =IFERROR(VLOOKUP($B12,$T$7:$Y$11,G$5,FALSE),"") -> -5 | I12: 12 | J12: 44368 | K12: Argentina | L12: 2 | M12: 0 | N12: Paraguay | O12: =_xlfn.CONCAT(K12,"_",N12) -> Argentina_Paraguay | P12: =IF(L12>M12,3,IF(L12<M12,0,1)) -> 3 | Q12: =IF(P12=3,0,IF(P12=1,1,3)) -> 0 | R12: =IF(P12>Q12,K12,IF(Q12>P12,N12,"SIN GANADOR")) -> Argentina
I13: 15 | J13: 44371 | K13: Bolivia | L13: 0 | M13: 2 | N13: Uruguay | O13: =_xlfn.CONCAT(K13,"_",N13) -> Bolivia_Uruguay | P13: =IF(L13>M13,3,IF(L13<M13,0,1)) -> 0 | Q13: =IF(P13=3,0,IF(P13=1,1,3)) -> 3 | R13: =IF(P13>Q13,K13,IF(Q13>P13,N13,"SIN GANADOR")) -> Uruguay
I14: 16 | J14: 44371 | K14: Chile | L14: 2 | M14: 0 | N14: Paraguay | O14: =_xlfn.CONCAT(K14,"_",N14) -> Chile_Paraguay | P14: =IF(L14>M14,3,IF(L14<M14,0,1)) -> 3 | Q14: =IF(P14=3,0,IF(P14=1,1,3)) -> 0 | R14: =IF(P14>Q14,K14,IF(Q14>P14,N14,"SIN GANADOR")) -> Chile
I15: 19 | J15: 44375 | K15: Uruguay | L15: 1 | M15: 0 | N15: Paraguay | O15: =_xlfn.CONCAT(K15,"_",N15) -> Uruguay_Paraguay | P15: =IF(L15>M15,3,IF(L15<M15,0,1)) -> 3 | Q15: =IF(P15=3,0,IF(P15=1,1,3)) -> 0 | R15: =IF(P15>Q15,K15,IF(Q15>P15,N15,"SIN GANADOR")) -> Uruguay
I16: 20 | J16: 44375 | K16: Argentina | L16: 2 | M16: 0 | N16: Bolivia | O16: =_xlfn.CONCAT(K16,"_",N16) -> Argentina_Bolivia | P16: =IF(L16>M16,3,IF(L16<M16,0,1)) -> 3 | Q16: =IF(P16=3,0,IF(P16=1,1,3)) -> 0 | R16: =IF(P16>Q16,K16,IF(Q16>P16,N16,"SIN GANADOR")) -> Argentina
B22: El recuadro de la derecha sirve para desempatar, en caso de que haya empate entre | I22: 1 | J22: Escoja por prioridad los siguientes equipos:
B23: uno o más equipos en todos los criterios considerados. | I23: =IF(J23="",0,1) -> 1 | J23: Argentina | M23: 1 | N23: =IF(J23="",0,M23) -> 1
B24: Para utilizarlo, asigne una prioridad entre 1 y 5 (siendo más bajo mejor) a cada equipo. | I24: =IF(J24="",0,1) -> 1 | J24: Bolivia | M24: 5 | N24: =IF(J24="",0,M24) -> 5
B25: Puede pensarlo como el lugar que quedarían en la tabla de posiciones. | I25: =IF(J25="",0,1) -> 1 | J25: Chile | M25: 2 | N25: =IF(J25="",0,M25) -> 2
B26: A modo de ejemplo, si su predicción es que todos los partidos terminan 0-0, el orden | I26: =IF(J26="",0,1) -> 1 | J26: Paraguay | M26: 4 | N26: =IF(J26="",0,M26) -> 4
B27: asignado en este recuadro es el que finalmente quedará en la tabla de posiciones. | I27: =IF(J27="",0,1) -> 1 | J27: Uruguay | M27: 3 | N27: =IF(J27="",0,M27) -> 3

Sheet Play-Off
B3: Cuartos de Final
G5: Semi Final
B6: 24 | C6: Resultado | D6: Penales
B7: ='Grupo B'!C8 -> Argentina | C7: 1 | S7: 1 | T7: A | U7: Venezuela | V7: 5 | W7: 2 | X7: 2 | Y7: 0 | AB7: 1 | AC7: 1 | AD7: 3 | AE7: 1 | AF7: 1 | AH7: 1 | AI7: 1 | AJ7: 1 | AK7: 4 | AL7: 1
B8: ='Grupo A'!C11 -> Colombia | C8: 0 | G8: 26 | H8: Resultado | I8: Penales | S8: 2 | T8: B | U8: Paraguay | V8: 2 | W8: -2 | X8: 3 | Y8: 5 | AB8: 2 | AC8: 2 | AD8: 1 | AE8: 2 | AF8: 2 | AH8: 2 | AI8: 2 | AJ8: 2 | AK8: 8 | AL8: 2
G9: =IF(C8>C7,B8,IF(C7>C8,B7,IF(D8>D7,B8,IF(D7>D8,B7,"")))) -> Argentina | H9: 0 | I9: 4 | L9: Final | S9: 3 | T9: C | U9: Japon | V9: 2 | W9: -4 | X9: 3 | Y9: 7 | AB9: 2 | AC9: 3 | AD9: 1 | AE9: 2.1 | AF9: 2.1 | AH9: 3 | AI9: 3 | AJ9: 3 | AK9: 12 | AL9: 3
B10: 23 | C10: Resultado | D10: Penales | G10: =IF(C12>C11,B12,IF(C11>C12,B11,IF(D12>D11,B12,IF(D11>D12,B11,"")))) -> Chile | H10: 0 | I10: 5
B11: ='Grupo B'!C9 -> Chile | C11: 1
B12: ='Grupo A'!C10 -> Peru | C12: 0 | L12: 28 | M12: Resultado | N12: Penales
L13: =IF(H10>H9,G10,IF(H9>H10,G9,IF(I10>I9,G10,IF(I9>I10,G9,"")))) -> Chile | M13: 1 | N13: 4
B14: 21 | C14: Resultado | D14: Penales | L14: =IF(H18>H17,G18,IF(H17>H18,G17,IF(I18>I17,G18,IF(I17>I18,G17,"")))) -> Brasil | M14: 1 | N14: 3
B15: ='Grupo A'!C9 -> Ecuador | C15: 1 | U15: Esta ventana se abrió porque estos equipos están igualados en todo
B16: ='Grupo B'!C10 -> Uruguay | C16: 0 | G16: 25 | H16: Resultado | I16: Penales | Q16: RESULTADOS TORNEO | U16: para clasificar como uno de los mejores terceros. Por favor, coloque
G17: =IF(C16>C15,B16,IF(C15>C16,B15,IF(D16>D15,B16,IF(D15>D16,B15,"")))) -> Ecuador | H17: 0 | Q17: CAMPEÓN | R17: =IF(M13>M14,L13,IF(M14>M13,L14,IF(N13>N14,L13,IF(N14>N13,L14,"")))) -> Chile | U17: un 0 en la celda correspondiente al equipo que quedará eliminado.
B18: 22 | C18: Resultado | D18: Penales | G18: =IF(C20>C19,B20,IF(C19>C20,B19,IF(D20>D19,B20,IF(D19>D20,B19,"")))) -> Brasil | H18: 1 | L18: Tercer y Cuarto Lugar | Q18: SUB CAMPEÓN | R18: =IF(R17=L13,L14,IF(R17=L14,L13,"")) -> Brasil | U18: En la copa real, esto se hace por cantidad de tarjetas amarillas.
B19: ='Grupo A'!C8 -> Brasil | C19: 2 | Q19: TERCER LUGAR | R19: =IF(M22>M23,L22,IF(M23>M22,L23,IF(N22>N23,L22,IF(N23>N22,L23,"")))) -> Argentina
B20: ='Grupo B'!C11 -> Paraguay | C20: 0 | U20: Escoja cual de los siguientes
L21: 27 | M21: Resultado | N21: Penales | U21: equipos queda eliminado.
L22: =IF(L13=G9,G10,IF(L13=G10,G9,"")) -> Argentina | M22: 2 | W22: 1
L23: =IF(L14=G17,G18,IF(L14=G18,G17,"")) -> Ecuador | M23: 1 | W23: 2
W24: 3
