Workbook

Sheet INFORMACION
J1: =SUM('GRUPO A'!AG13,'GRUPO B'!AG13,'GRUPO C'!AG13,'GRUPO D'!AG13,'Play-Off'!V1) -> 5
B2: Información del Jugador
B3: Nombre
B4: Mail
B6: Goleador
B8: ¿Cartilla Completa?
B9: =IF(J1>0,"NO","SÍ") -> NO

Sheet GRUPO A
B3: GRUPO A
C5: 2 | D5: 3 | E5: 5 | F5: 6 | G5: 4
B6: Tabla de Posiciones | J6: Fecha | K6: Partidos | AJ6: 1 | AK6: 2 | AL6: Ganador | AN6: Orden | AO6: Equipo | AP6: Puntos | AQ6: DG | AR6: GF | AS6: GC | AV6: Equipo | AW6: Empatado Con | AX6: Ganador | AY6: Ganador? | AZ6: Formula Rank | BA6: Formula Rank Con Duelo Directo | BB6: Formula Rank Con Prioridad
B7: Posición | C7: Equipo | D7: Puntos | E7: GF | F7: GC | G7: DG | I7: 1 | J7: 45463 | K7: Argentina | N7: Canadá | AG7: =IF(OR(L7="",M7=""),1,0) -> 1 | AI7: =CONCATENATE(K7,"_",N7) -> Argentina_Canadá | AJ7: =IF(L7>M7,3,IF(L7<M7,0,1)) -> 1 | AK7: =IF(AJ7=3,0,IF(AJ7=1,1,3)) -> 1 | AL7: =IF(AJ7>AK7,K7,IF(AK7>AJ7,N7,"SIN GANADOR")) -> SIN GANADOR | AN7: =_xlfn.RANK.EQ(BB7,BB$7:BB$11,1) -> 1 | AO7: =J23 -> Argentina | AP7: =SUMIF($K$7:$K$12,AO7,$AJ$7:$AJ$12) + SUMIF($N$7:$N$12,AO7,$AK$7:$AK$12) -> 3 | AQ7: =AR7-AS7 -> 0 | AR7: =SUMIF($K$7:$K$12,AO7,$L$7:$L$12) + SUMIF($N$7:$N$12,AO7,$M$7:$M$12) -> 0 | AS7: =SUMIF($K$7:$K$12,AO7,$M$7:$M$12) + SUMIF($N$7:$N$12,AO7,$L$7:$L$12) -> 0 | AV7: =AO7 -> Argentina | AW7: =IF(AZ7=AZ8,AV8,IF(AZ7=AZ9,AV9,IF(AZ7=AZ10,AV10,""))) -> Perú | AX7: =IF(AW7="","",IFERROR(VLOOKUP(CONCATENATE(AV7,"_",AW7),$AI$7:$AL$16,4,FALSE),VLOOKUP(CONCATENATE(AW7,"_",AV7),$AI$7:$AL$16,4,FALSE))) -> SIN GANADOR | AY7: =IF(AX7="",1,IF(AX7=AV7,1,0)) -> 0 | AZ7: =-AP7*10000000 - AQ7*10000 - AR7*100 -> -30000000 | BA7: =AZ7-AY7*10 -> -30000000 | BB7: =BA7+N23 -> -29999999
B8: 1 | C8: =IFERROR(VLOOKUP($B8,$AN$7:$AS$11,C$5,FALSE),"") -> Argentina | D8: =IFERROR(VLOOKUP($B8,$AN$7:$AS$11,D$5,FALSE),"") -> 3 | E8: =IFERROR(VLOOKUP($B8,$AN$7:$AS$11,E$5,FALSE),"") -> 0 | F8: =IFERROR(VLOOKUP($B8,$AN$7:$AS$11,F$5,FALSE),"") -> 0 | G8: =IFERROR(VLOOKUP($B8,$AN$7:$AS$11,G$5,FALSE),"") -> 0 | I8: 2 | J8: 45464 | K8: Perú | N8: Chile | AG8: =IF(OR(L8="",M8=""),1,0) -> 1 | AI8: =CONCATENATE(K8,"_",N8) -> Perú_Chile | AJ8: =IF(L8>M8,3,IF(L8<M8,0,1)) -> 1 | AK8: =IF(AJ8=3,0,IF(AJ8=1,1,3)) -> 1 | AL8: =IF(AJ8>AK8,K8,IF(AK8>AJ8,N8,"SIN GANADOR")) -> SIN GANADOR | AN8: =_xlfn.RANK.EQ(BB8,BB$7:BB$11,1) -> 2 | AO8: =J24 -> Perú | AP8: =SUMIF($K$7:$K$12,AO8,$AJ$7:$AJ$12) + SUMIF($N$7:$N$12,AO8,$AK$7:$AK$12) -> 3 | AQ8: =AR8-AS8 -> 0 | AR8: =SUMIF($K$7:$K$12,AO8,$L$7:$L$12) + SUMIF($N$7:$N$12,AO8,$M$7:$M$12) -> 0 | AS8: =SUMIF($K$7:$K$12,AO8,$M$7:$M$12) + SUMIF($N$7:$N$12,AO8,$L$7:$L$12) -> 0 | AV8: =AO8 -> Perú | AW8: =IF(AZ8=AZ9,AV9,IF(AZ8=AZ10,AV10,IF(AZ8=AZ7,AV7,""))) -> Chile | AX8: =IF(AW8="","",IFERROR(VLOOKUP(CONCATENATE(AV8,"_",AW8),$AI$7:$AL$16,4,FALSE),VLOOKUP(CONCATENATE(AW8,"_",AV8),$AI$7:$AL$16,4,FALSE))) -> SIN GANADOR | AY8: =IF(AX8="",1,IF(AX8=AV8,1,0)) -> 0 | AZ8: =-AP8*10000000 - AQ8*10000 - AR8*100 -> -30000000 | BA8: =AZ8-AY8*10 -> -30000000 | BB8: =BA8+N24 -> -29999998
B9: 2 | C9: =IFERROR(VLOOKUP($B9,$AN$7:$AS$11,C$5,FALSE),"") -> Perú | D9: =IFERROR(VLOOKUP($B9,$AN$7:$AS$11,D$5,FALSE),"") -> 3 | E9: =IFERROR(VLOOKUP($B9,$AN$7:$AS$11,E$5,FALSE),"") -> 0 | F9: =IFERROR(VLOOKUP($B9,$AN$7:$AS$11,F$5,FALSE),"") -> 0 | G9: =IFERROR(VLOOKUP($B9,$AN$7:$AS$11,G$5,FALSE),"") -> 0 | I9: 9 | J9: 45468 | K9: Chile | N9: Argentina | AG9: =IF(OR(L9="",M9=""),1,0) -> 1 | AI9: =CONCATENATE(K9,"_",N9) -> Chile_Argentina | AJ9: =IF(L9>M9,3,IF(L9<M9,0,1)) -> 1 | AK9: =IF(AJ9=3,0,IF(AJ9=1,1,3)) -> 1 | AL9: =IF(AJ9>AK9,K9,IF(AK9>AJ9,N9,"SIN GANADOR")) -> SIN GANADOR | AN9: =_xlfn.RANK.EQ(BB9,BB$7:BB$11,1) -> 3 | AO9: =J25 -> Chile | AP9: =SUMIF($K$7:$K$12,AO9,$AJ$7:$AJ$12) + SUMIF($N$7:$N$12,AO9,$AK$7:$AK$12) -> 3 | AQ9: =AR9-AS9 -> 0 | AR9: =SUMIF($K$7:$K$12,AO9,$L$7:$L$12) + SUMIF($N$7:$N$12,AO9,$M$7:$M$12) -> 0 | AS9: =SUMIF($K$7:$K$12,AO9,$M$7:$M$12) + SUMIF($N$7:$N$12,AO9,$L$7:$L$12) -> 0 | AV9: =AO9 -> Chile | AW9: =IF(AZ9=AZ10,AV10,IF(AZ9=AZ7,AV7,IF(AZ9=AZ8,AV8,""))) -> Canadá | AX9: =IF(AW9="","",IFERROR(VLOOKUP(CONCATENATE(AV9,"_",AW9),$AI$7:$AL$16,4,FALSE),VLOOKUP(CONCATENATE(AW9,"_",AV9),$AI$7:$AL$16,4,FALSE))) -> SIN GANADOR | AY9: =IF(AX9="",1,IF(AX9=AV9,1,0)) -> 0 | AZ9: =-AP9*10000000 - AQ9*10000 - AR9*100 -> -30000000 | BA9: =AZ9-AY9*10 -> -30000000 | BB9: =BA9+N25 -> -29999997
B10: 3 | C10: =IFERROR(VLOOKUP($B10,$AN$7:$AS$11,C$5,FALSE),"") -> Chile | D10: =IFERROR(VLOOKUP($B10,$AN$7:$AS$11,D$5,FALSE),"") -> 3 | E10: =IFERROR(VLOOKUP($B10,$AN$7:$AS$11,E$5,FALSE),"") -> 0 | F10: =IFERROR(VLOOKUP($B10,$AN$7:$AS$11,F$5,FALSE),"") -> 0 | G10: =IFERROR(VLOOKUP($B10,$AN$7:$AS$11,G$5,FALSE),"") -> 0 | I10: 10 | J10: 45468 | K10: Perú | N10: Canadá | AG10: =IF(OR(L10="",M10=""),1,0) -> 1 | AI10: =CONCATENATE(K10,"_",N10) -> Perú_Canadá | AJ10: =IF(L10>M10,3,IF(L10<M10,0,1)) -> 1 | AK10: =IF(AJ10=3,0,IF(AJ10=1,1,3)) -> 1 | AL10: =IF(AJ10>AK10,K10,IF(AK10>AJ10,N10,"SIN GANADOR")) -> SIN GANADOR | AN10: =_xlfn.RANK.EQ(BB10,BB$7:BB$11,1) -> 4 | AO10: =J26 -> Canadá | AP10: =SUMIF($K$7:$K$12,AO10,$AJ$7:$AJ$12) + SUMIF($N$7:$N$12,AO10,$AK$7:$AK$12) -> 3 | AQ10: =AR10-AS10 -> 0 | AR10: =SUMIF($K$7:$K$12,AO10,$L$7:$L$12) + SUMIF($N$7:$N$12,AO10,$M$7:$M$12) -> 0 | AS10: =SUMIF($K$7:$K$12,AO10,$M$7:$M$12) + SUMIF($N$7:$N$12,AO10,$L$7:$L$12) -> 0 | AV10: =AO10 -> Canadá | AW10: =IF(AZ10=AZ7,AV7,IF(AZ10=AZ8,AV8,IF(AZ10=AZ9,AV9,""))) -> Argentina | AX10: =IF(AW10="","",IFERROR(VLOOKUP(CONCATENATE(AV10,"_",AW10),$AI$7:$AL$16,4,FALSE),VLOOKUP(CONCATENATE(AW10,"_",AV10),$AI$7:$AL$16,4,FALSE))) -> SIN GANADOR | AY10: =IF(AX10="",1,IF(AX10=AV10,1,0)) -> 0 | AZ10: =-AP10*10000000 - AQ10*10000 - AR10*100 -> -30000000 | BA10: =AZ10-AY10*10 -> -30000000 | BB10: =BA10+N26 -> -29999996
B11: 4 | C11: =IFERROR(VLOOKUP($B11,$AN$7:$AS$11,C$5,FALSE),"") -> Canadá | D11: =IFERROR(VLOOKUP($B11,$AN$7:$AS$11,D$5,FALSE),"") -> 3 | E11: =IFERROR(VLOOKUP($B11,$AN$7:$AS$11,E$5,FALSE),"") -> 0 | F11: =IFERROR(VLOOKUP($B11,$AN$7:$AS$11,F$5,FALSE),"") -> 0 | G11: =IFERROR(VLOOKUP($B11,$AN$7:$AS$11,G$5,FALSE),"") -> 0 | I11: 17 | J11: 45472 | K11: Argentina | N11: Perú | AG11: =IF(OR(L11="",M11=""),1,0) -> 1 | AI11: =CONCATENATE(K11,"_",N11) -> Argentina_Perú | AJ11: =IF(L11>M11,3,IF(L11<M11,0,1)) -> 1 | AK11: =IF(AJ11=3,0,IF(AJ11=1,1,3)) -> 1 | AL11: =IF(AJ11>AK11,K11,IF(AK11>AJ11,N11,"SIN GANADOR")) -> SIN GANADOR
I12: 18 | J12: 45472 | K12: Canadá | N12: Chile | AG12: =IF(OR(L12="",M12=""),1,0) -> 1 | AI12: =CONCATENATE(K12,"_",N12) -> Canadá_Chile | AJ12: =IF(L12>M12,3,IF(L12<M12,0,1)) -> 1 | AK12: =IF(AJ12=3,0,IF(AJ12=1,1,3)) -> 1 | AL12: =IF(AJ12>AK12,K12,IF(AK12>AJ12,N12,"SIN GANADOR")) -> SIN GANADOR
AG13: =IF(SUM(AG7:AG12)>0,1,0) -> 1
B22: El recuadro de la derecha sirve para desempatar, en caso de que haya empate entre | I22: 1 | J22: Escoja por prioridad los siguientes equipos:
B23: uno o más equipos en todos los criterios considerados. | I23: =IF(J23="",0,1) -> 1 | J23: Argentina | M23: 1 | N23: =IF(J23="",0,M23) -> 1
B24: Para utilizarlo, asigne una prioridad entre 1 y 5 (siendo más bajo mejor) a cada equipo. | I24: =IF(J24="",0,1) -> 1 | J24: Perú | M24: 2 | N24: =IF(J24="",0,M24) -> 2
B25: Puede pensarlo como el lugar que quedarían en la tabla de posiciones. | I25: =IF(J25="",0,1) -> 1 | J25: Chile | M25: 3 | N25: =IF(J25="",0,M25) -> 3
B26: A modo de ejemplo, si su predicción es que todos los partidos terminan 0-0, el orden | I26: =IF(J26="",0,1) -> 1 | J26: Canadá | M26: 4 | N26: =IF(J26="",0,M26) -> 4
B27: asignado en este recuadro es el que finalmente quedará en la tabla de posiciones. | N27: =IF(J27="",0,M27) -> 0

Sheet GRUPO B
B3: GRUPO B
C5: 2 | D5: 3 | E5: 5 | F5: 6 | G5: 4
B6: Tabla de Posiciones | J6: Fecha | K6: Partidos | AJ6: 1 | AK6: 2 | AL6: Ganador | AN6: Orden | AO6: Equipo | AP6: Puntos | AQ6: DG | AR6: GF | AS6: GC | AV6: Equipo | AW6: Empatado Con | AX6: Ganador | AY6: Ganador? | AZ6: Formula Rank | BA6: Formula Rank Con Duelo Directo | BB6: Formula Rank Con Prioridad
B7: Posición | C7: Equipo | D7: Puntos | E7: GF | F7: GC | G7: DG | I7: 3 | J7: 45465 | K7: México | N7: Jamaica | AG7: =IF(OR(L7="",M7=""),1,0) -> 1 | AI7: =CONCATENATE(K7,"_",N7) -> México_Jamaica | AJ7: =IF(L7>M7,3,IF(L7<M7,0,1)) -> 1 | AK7: =IF(AJ7=3,0,IF(AJ7=1,1,3)) -> 1 | AL7: =IF(AJ7>AK7,K7,IF(AK7>AJ7,N7,"SIN GANADOR")) -> SIN GANADOR | AN7: =_xlfn.RANK.EQ(BB7,BB$7:BB$11,1) -> 1 | AO7: =J23 -> México | AP7: =SUMIF($K$7:$K$12,AO7,$AJ$7:$AJ$12) + SUMIF($N$7:$N$12,AO7,$AK$7:$AK$12) -> 3 | AQ7: =AR7-AS7 -> 0 | AR7: =SUMIF($K$7:$K$12,AO7,$L$7:$L$12) + SUMIF($N$7:$N$12,AO7,$M$7:$M$12) -> 0 | AS7: =SUMIF($K$7:$K$12,AO7,$M$7:$M$12) + SUMIF($N$7:$N$12,AO7,$L$7:$L$12) -> 0 | AV7: =AO7 -> México | AW7: =IF(AZ7=AZ8,AV8,IF(AZ7=AZ9,AV9,IF(AZ7=AZ10,AV10,""))) -> Ecuador | AX7: =IF(AW7="","",IFERROR(VLOOKUP(CONCATENATE(AV7,"_",AW7),$AI$7:$AL$16,4,FALSE),VLOOKUP(CONCATENATE(AW7,"_",AV7),$AI$7:$AL$16,4,FALSE))) -> SIN GANADOR | AY7: =IF(AX7="",1,IF(AX7=AV7,1,0)) -> 0 | AZ7: =-AP7*10000000 - AQ7*10000 - AR7*100 -> -30000000 | BA7: =AZ7-AY7*10 -> -30000000 | BB7: =BA7+N23 -> -29999999
B8: 1 | C8: =IFERROR(VLOOKUP($B8,$AN$7:$AS$11,C$5,FALSE),"") -> México | D8: =IFERROR(VLOOKUP($B8,$AN$7:$AS$11,D$5,FALSE),"") -> 3 | E8: =IFERROR(VLOOKUP($B8,$AN$7:$AS$11,E$5,FALSE),"") -> 0 | F8: =IFERROR(VLOOKUP($B8,$AN$7:$AS$11,F$5,FALSE),"") -> 0 | G8: =IFERROR(VLOOKUP($B8,$AN$7:$AS$11,G$5,FALSE),"") -> 0 | I8: 4 | J8: 45465 | K8: Ecuador | N8: Venezuela | AG8: =IF(OR(L8="",M8=""),1,0) -> 1 | AI8: =CONCATENATE(K8,"_",N8) -> Ecuador_Venezuela | AJ8: =IF(L8>M8,3,IF(L8<M8,0,1)) -> 1 | AK8: =IF(AJ8=3,0,IF(AJ8=1,1,3)) -> 1 | AL8: =IF(AJ8>AK8,K8,IF(AK8>AJ8,N8,"SIN GANADOR")) -> SIN GANADOR | AN8: =_xlfn.RANK.EQ(BB8,BB$7:BB$11,1) -> 2 | AO8: =J24 -> Ecuador | AP8: =SUMIF($K$7:$K$12,AO8,$AJ$7:$AJ$12) + SUMIF($N$7:$N$12,AO8,$AK$7:$AK$12) -> 3 | AQ8: =AR8-AS8 -> 0 | AR8: =SUMIF($K$7:$K$12,AO8,$L$7:$L$12) + SUMIF($N$7:$N$12,AO8,$M$7:$M$12) -> 0 | AS8: =SUMIF($K$7:$K$12,AO8,$M$7:$M$12) + SUMIF($N$7:$N$12,AO8,$L$7:$L$12) -> 0 | AV8: =AO8 -> Ecuador | AW8: =IF(AZ8=AZ9,AV9,IF(AZ8=AZ10,AV10,IF(AZ8=AZ7,AV7,""))) -> Venezuela | AX8: =IF(AW8="","",IFERROR(VLOOKUP(CONCATENATE(AV8,"_",AW8),$AI$7:$AL$16,4,FALSE),VLOOKUP(CONCATENATE(AW8,"_",AV8),$AI$7:$AL$16,4,FALSE))) -> SIN GANADOR | AY8: =IF(AX8="",1,IF(AX8=AV8,1,0)) -> 0 | AZ8: =-AP8*10000000 - AQ8*10000 - AR8*100 -> -30000000 | BA8: =AZ8-AY8*10 -> -30000000 | BB8: =BA8+N24 -> -29999998
B9: 2 | C9: =IFERROR(VLOOKUP($B9,$AN$7:$AS$11,C$5,FALSE),"") -> Ecuador | D9: =IFERROR(VLOOKUP($B9,$AN$7:$AS$11,D$5,FALSE),"") -> 3 | E9: =IFERROR(VLOOKUP($B9,$AN$7:$AS$11,E$5,FALSE),"") -> 0 | F9: =IFERROR(VLOOKUP($B9,$AN$7:$AS$11,F$5,FALSE),"") -> 0 | G9: =IFERROR(VLOOKUP($B9,$AN$7:$AS$11,G$5,FALSE),"") -> 0 | I9: 11 | J9: 45469 | K9: Venezuela | N9: México | AG9: =IF(OR(L9="",M9=""),1,0) -> 1 | AI9: =CONCATENATE(K9,"_",N9) -> Venezuela_México | AJ9: =IF(L9>M9,3,IF(L9<M9,0,1)) -> 1 | AK9: =IF(AJ9=3,0,IF(AJ9=1,1,3)) -> 1 | AL9: =IF(AJ9>AK9,K9,IF(AK9>AJ9,N9,"SIN GANADOR")) -> SIN GANADOR | AN9: =_xlfn.RANK.EQ(BB9,BB$7:BB$11,1) -> 3 | AO9: =J25 -> Venezuela | AP9: =SUMIF($K$7:$K$12,AO9,$AJ$7:$AJ$12) + SUMIF($N$7:$N$12,AO9,$AK$7:$AK$12) -> 3 | AQ9: =AR9-AS9 -> 0 | AR9: =SUMIF($K$7:$K$12,AO9,$L$7:$L$12) + SUMIF($N$7:$N$12,AO9,$M$7:$M$12) -> 0 | AS9: =SUMIF($K$7:$K$12,AO9,$M$7:$M$12) + SUMIF($N$7:$N$12,AO9,$L$7:$L$12) -> 0 | AV9: =AO9 -> Venezuela | AW9: =IF(AZ9=AZ10,AV10,IF(AZ9=AZ7,AV7,IF(AZ9=AZ8,AV8,""))) -> Jamaica | AX9: =IF(AW9="","",IFERROR(VLOOKUP(CONCATENATE(AV9,"_",AW9),$AI$7:$AL$16,4,FALSE),VLOOKUP(CONCATENATE(AW9,"_",AV9),$AI$7:$AL$16,4,FALSE))) -> SIN GANADOR | AY9: =IF(AX9="",1,IF(AX9=AV9,1,0)) -> 0 | AZ9: =-AP9*10000000 - AQ9*10000 - AR9*100 -> -30000000 | BA9: =AZ9-AY9*10 -> -30000000 | BB9: =BA9+N25 -> -29999997
B10: 3 | C10: =IFERROR(VLOOKUP($B10,$AN$7:$AS$11,C$5,FALSE),"") -> Venezuela | D10: =IFERROR(VLOOKUP($B10,$AN$7:$AS$11,D$5,FALSE),"") -> 3 | E10: =IFERROR(VLOOKUP($B10,$AN$7:$AS$11,E$5,FALSE),"") -> 0 | F10: =IFERROR(VLOOKUP($B10,$AN$7:$AS$11,F$5,FALSE),"") -> 0 | G10: =IFERROR(VLOOKUP($B10,$AN$7:$AS$11,G$5,FALSE),"") -> 0 | I10: 12 | J10: 45469 | K10: Ecuador | N10: Jamaica | AG10: =IF(OR(L10="",M10=""),1,0) -> 1 | AI10: =CONCATENATE(K10,"_",N10) -> Ecuador_Jamaica | AJ10: =IF(L10>M10,3,IF(L10<M10,0,1)) -> 1 | AK10: =IF(AJ10=3,0,IF(AJ10=1,1,3)) -> 1 | AL10: =IF(AJ10>AK10,K10,IF(AK10>AJ10,N10,"SIN GANADOR")) -> SIN GANADOR | AN10: =_xlfn.RANK.EQ(BB10,BB$7:BB$11,1) -> 4 | AO10: =J26 -> Jamaica | AP10: =SUMIF($K$7:$K$12,AO10,$AJ$7:$AJ$12) + SUMIF($N$7:$N$12,AO10,$AK$7:$AK$12) -> 3 | AQ10: =AR10-AS10 -> 0 | AR10: =SUMIF($K$7:$K$12,AO10,$L$7:$L$12) + SUMIF($N$7:$N$12,AO10,$M$7:$M$12) -> 0 | AS10: =SUMIF($K$7:$K$12,AO10,$M$7:$M$12) + SUMIF($N$7:$N$12,AO10,$L$7:$L$12) -> 0 | AV10: =AO10 -> Jamaica | AW10: =IF(AZ10=AZ7,AV7,IF(AZ10=AZ8,AV8,IF(AZ10=AZ9,AV9,""))) -> México | AX10: =IF(AW10="","",IFERROR(VLOOKUP(CONCATENATE(AV10,"_",AW10),$AI$7:$AL$16,4,FALSE),VLOOKUP(CONCATENATE(AW10,"_",AV10),$AI$7:$AL$16,4,FALSE))) -> SIN GANADOR | AY10: =IF(AX10="",1,IF(AX10=AV10,1,0)) -> 0 | AZ10: =-AP10*10000000 - AQ10*10000 - AR10*100 -> -30000000 | BA10: =AZ10-AY10*10 -> -30000000 | BB10: =BA10+N26 -> -29999996
B11: 4 | C11: =IFERROR(VLOOKUP($B11,$AN$7:$AS$11,C$5,FALSE),"") -> Jamaica | D11: =IFERROR(VLOOKUP($B11,$AN$7:$AS$11,D$5,FALSE),"") -> 3 | E11: =IFERROR(VLOOKUP($B11,$AN$7:$AS$11,E$5,FALSE),"") -> 0 | F11: =IFERROR(VLOOKUP($B11,$AN$7:$AS$11,F$5,FALSE),"") -> 0 | G11: =IFERROR(VLOOKUP($B11,$AN$7:$AS$11,G$5,FALSE),"") -> 0 | I11: 19 | J11: 45473 | K11: México | N11: Ecuador | AG11: =IF(OR(L11="",M11=""),1,0) -> 1 | AI11: =CONCATENATE(K11,"_",N11) -> México_Ecuador | AJ11: =IF(L11>M11,3,IF(L11<M11,0,1)) -> 1 | AK11: =IF(AJ11=3,0,IF(AJ11=1,1,3)) -> 1 | AL11: =IF(AJ11>AK11,K11,IF(AK11>AJ11,N11,"SIN GANADOR")) -> SIN GANADOR
I12: 20 | J12: 45473 | K12: Jamaica | N12: Venezuela | AG12: =IF(OR(L12="",M12=""),1,0) -> 1 | AI12: =CONCATENATE(K12,"_",N12) -> Jamaica_Venezuela | AJ12: =IF(L12>M12,3,IF(L12<M12,0,1)) -> 1 | AK12: =IF(AJ12=3,0,IF(AJ12=1,1,3)) -> 1 | AL12: =IF(AJ12>AK12,K12,IF(AK12>AJ12,N12,"SIN GANADOR")) -> SIN GANADOR
AG13: =IF(SUM(AG7:AG12)>0,1,0) -> 1
B22: El recuadro de la derecha sirve para desempatar, en caso de que haya empate entre | I22: 1 | J22: Escoja por prioridad los siguientes equipos:
B23: uno o más equipos en todos los criterios considerados. | I23: =IF(J23="",0,1) -> 1 | J23: México | M23: 1 | N23: =IF(J23="",0,M23) -> 1
B24: Para utilizarlo, asigne una prioridad entre 1 y 5 (siendo más bajo mejor) a cada equipo. | I24: =IF(J24="",0,1) -> 1 | J24: Ecuador | M24: 2 | N24: =IF(J24="",0,M24) -> 2
B25: Puede pensarlo como el lugar que quedarían en la tabla de posiciones. | I25: =IF(J25="",0,1) -> 1 | J25: Venezuela | M25: 3 | N25: =IF(J25="",0,M25) -> 3
B26: A modo de ejemplo, si su predicción es que todos los partidos terminan 0-0, el orden | I26: =IF(J26="",0,1) -> 1 | J26: Jamaica | M26: 4 | N26: =IF(J26="",0,M26) -> 4
B27: asignado en este recuadro es el que finalmente quedará en la tabla de posiciones. | N27: =IF(J27="",0,M27) -> 0

Sheet GRUPO C
B3: GRUPO C
C5: 2 | D5: 3 | E5: 5 | F5: 6 | G5: 4
B6: Tabla de Posiciones | J6: Fecha | K6: Partidos | AJ6: 1 | AK6: 2 | AL6: Ganador | AN6: Orden | AO6: Equipo | AP6: Puntos | AQ6: DG | AR6: GF | AS6: GC | AV6: Equipo | AW6: Empatado Con | AX6: Ganador | AY6: Ganador? | AZ6: Formula Rank | BA6: Formula Rank Con Duelo Directo | BB6: Formula Rank Con Prioridad
B7: Posición | C7: Equipo | D7: Puntos | E7: GF | F7: GC | G7: DG | I7: 5 | J7: 45466 | K7: USA | N7: Bolivia | AG7: =IF(OR(L7="",M7=""),1,0) -> 1 | AI7: =CONCATENATE(K7,"_",N7) -> USA_Bolivia | AJ7: =IF(L7>M7,3,IF(L7<M7,0,1)) -> 1 | AK7: =IF(AJ7=3,0,IF(AJ7=1,1,3)) -> 1 | AL7: =IF(AJ7>AK7,K7,IF(AK7>AJ7,N7,"SIN GANADOR")) -> SIN GANADOR | AN7: =_xlfn.RANK.EQ(BB7,BB$7:BB$11,1) -> 1 | AO7: =J23 -> USA | AP7: =SUMIF($K$7:$K$12,AO7,$AJ$7:$AJ$12) + SUMIF($N$7:$N$12,AO7,$AK$7:$AK$12) -> 3 | AQ7: =AR7-AS7 -> 0 | AR7: =SUMIF($K$7:$K$12,AO7,$L$7:$L$12) + SUMIF($N$7:$N$12,AO7,$M$7:$M$12) -> 0 | AS7: =SUMIF($K$7:$K$12,AO7,$M$7:$M$12) + SUMIF($N$7:$N$12,AO7,$L$7:$L$12) -> 0 | AV7: =AO7 -> USA | AW7: =IF(AZ7=AZ8,AV8,IF(AZ7=AZ9,AV9,IF(AZ7=AZ10,AV10,""))) -> Uruguay | AX7: =IF(AW7="","",IFERROR(VLOOKUP(CONCATENATE(AV7,"_",AW7),$AI$7:$AL$16,4,FALSE),VLOOKUP(CONCATENATE(AW7,"_",AV7),$AI$7:$AL$16,4,FALSE))) -> SIN GANADOR | AY7: =IF(AX7="",1,IF(AX7=AV7,1,0)) -> 0 | AZ7: =-AP7*10000000 - AQ7*10000 - AR7*100 -> -30000000 | BA7: =AZ7-AY7*10 -> -30000000 | BB7: =BA7+N23 -> -29999999
B8: 1 | C8: =IFERROR(VLOOKUP($B8,$AN$7:$AS$11,C$5,FALSE),"") -> USA | D8: =IFERROR(VLOOKUP($B8,$AN$7:$AS$11,D$5,FALSE),"") -> 3 | E8: =IFERROR(VLOOKUP($B8,$AN$7:$AS$11,E$5,FALSE),"") -> 0 | F8: =IFERROR(VLOOKUP($B8,$AN$7:$AS$11,F$5,FALSE),"") -> 0 | G8: =IFERROR(VLOOKUP($B8,$AN$7:$AS$11,G$5,FALSE),"") -> 0 | I8: 6 | J8: 45466 | K8: Uruguay | N8: Panamá | AG8: =IF(OR(L8="",M8=""),1,0) -> 1 | AI8: =CONCATENATE(K8,"_",N8) -> Uruguay_Panamá | AJ8: =IF(L8>M8,3,IF(L8<M8,0,1)) -> 1 | AK8: =IF(AJ8=3,0,IF(AJ8=1,1,3)) -> 1 | AL8: =IF(AJ8>AK8,K8,IF(AK8>AJ8,N8,"SIN GANADOR")) -> SIN GANADOR | AN8: =_xlfn.RANK.EQ(BB8,BB$7:BB$11,1) -> 2 | AO8: =J24 -> Uruguay | AP8: =SUMIF($K$7:$K$12,AO8,$AJ$7:$AJ$12) + SUMIF($N$7:$N$12,AO8,$AK$7:$AK$12) -> 3 | AQ8: =AR8-AS8 -> 0 | AR8: =SUMIF($K$7:$K$12,AO8,$L$7:$L$12) + SUMIF($N$7:$N$12,AO8,$M$7:$M$12) -> 0 | AS8: =SUMIF($K$7:$K$12,AO8,$M$7:$M$12) + SUMIF($N$7:$N$12,AO8,$L$7:$L$12) -> 0 | AV8: =AO8 -> Uruguay | AW8: =IF(AZ8=AZ9,AV9,IF(AZ8=AZ10,AV10,IF(AZ8=AZ7,AV7,""))) -> Panamá | AX8: =IF(AW8="","",IFERROR(VLOOKUP(CONCATENATE(AV8,"_",AW8),$AI$7:$AL$16,4,FALSE),VLOOKUP(CONCATENATE(AW8,"_",AV8),$AI$7:$AL$16,4,FALSE))) -> SIN GANADOR | AY8: =IF(AX8="",1,IF(AX8=AV8,1,0)) -> 0 | AZ8: =-AP8*10000000 - AQ8*10000 - AR8*100 -> -30000000 | BA8: =AZ8-AY8*10 -> -30000000 | BB8: =BA8+N24 -> -29999998
B9: 2 | C9: =IFERROR(VLOOKUP($B9,$AN$7:$AS$11,C$5,FALSE),"") -> Uruguay | D9: =IFERROR(VLOOKUP($B9,$AN$7:$AS$11,D$5,FALSE),"") -> 3 | E9: =IFERROR(VLOOKUP($B9,$AN$7:$AS$11,E$5,FALSE),"") -> 0 | F9: =IFERROR(VLOOKUP($B9,$AN$7:$AS$11,F$5,FALSE),"") -> 0 | G9: =IFERROR(VLOOKUP($B9,$AN$7:$AS$11,G$5,FALSE),"") -> 0 | I9: 13 | J9: 45470 | K9: Panamá | N9: USA | AG9: =IF(OR(L9="",M9=""),1,0) -> 1 | AI9: =CONCATENATE(K9,"_",N9) -> Panamá_USA | AJ9: =IF(L9>M9,3,IF(L9<M9,0,1)) -> 1 | AK9: =IF(AJ9=3,0,IF(AJ9=1,1,3)) -> 1 | AL9: =IF(AJ9>AK9,K9,IF(AK9>AJ9,N9,"SIN GANADOR")) -> SIN GANADOR | AN9: =_xlfn.RANK.EQ(BB9,BB$7:BB$11,1) -> 3 | AO9: =J25 -> Panamá | AP9: =SUMIF($K$7:$K$12,AO9,$AJ$7:$AJ$12) + SUMIF($N$7:$N$12,AO9,$AK$7:$AK$12) -> 3 | AQ9: =AR9-AS9 -> 0 | AR9: =SUMIF($K$7:$K$12,AO9,$L$7:$L$12) + SUMIF($N$7:$N$12,AO9,$M$7:$M$12) -> 0 | AS9: =SUMIF($K$7:$K$12,AO9,$M$7:$M$12) + SUMIF($N$7:$N$12,AO9,$L$7:$L$12) -> 0 | AV9: =AO9 -> Panamá | AW9: =IF(AZ9=AZ10,AV10,IF(AZ9=AZ7,AV7,IF(AZ9=AZ8,AV8,""))) -> Bolivia | AX9: =IF(AW9="","",IFERROR(VLOOKUP(CONCATENATE(AV9,"_",AW9),$AI$7:$AL$16,4,FALSE),VLOOKUP(CONCATENATE(AW9,"_",AV9),$AI$7:$AL$16,4,FALSE))) -> SIN GANADOR | AY9: =IF(AX9="",1,IF(AX9=AV9,1,0)) -> 0 | AZ9: =-AP9*10000000 - AQ9*10000 - AR9*100 -> -30000000 | BA9: =AZ9-AY9*10 -> -30000000 | BB9: =BA9+N25 -> -29999997
B10: 3 | C10: =IFERROR(VLOOKUP($B10,$AN$7:$AS$11,C$5,FALSE),"") -> Panamá | D10: =IFERROR(VLOOKUP($B10,$AN$7:$AS$11,D$5,FALSE),"") -> 3 | E10: =IFERROR(VLOOKUP($B10,$AN$7:$AS$11,E$5,FALSE),"") -> 0 | F10: =IFERROR(VLOOKUP($B10,$AN$7:$AS$11,F$5,FALSE),"") -> 0 | G10: =IFERROR(VLOOKUP($B10,$AN$7:$AS$11,G$5,FALSE),"") -> 0 | I10: 14 | J10: 45470 | K10: Uruguay | N10: Bolivia | AG10: =IF(OR(L10="",M10=""),1,0) -> 1 | AI10: =CONCATENATE(K10,"_",N10) -> Uruguay_Bolivia | AJ10: =IF(L10>M10,3,IF(L10<M10,0,1)) -> 1 | AK10: =IF(AJ10=3,0,IF(AJ10=1,1,3)) -> 1 | AL10: =IF(AJ10>AK10,K10,IF(AK10>AJ10,N10,"SIN GANADOR")) -> SIN GANADOR | AN10: =_xlfn.RANK.EQ(BB10,BB$7:BB$11,1) -> 4 | AO10: =J26 -> Bolivia | AP10: =SUMIF($K$7:$K$12,AO10,$AJ$7:$AJ$12) + SUMIF($N$7:$N$12,AO10,$AK$7:$AK$12) -> 3 | AQ10: =AR10-AS10 -> 0 | AR10: =SUMIF($K$7:$K$12,AO10,$L$7:$L$12) + SUMIF($N$7:$N$12,AO10,$M$7:$M$12) -> 0 | AS10: =SUMIF($K$7:$K$12,AO10,$M$7:$M$12) + SUMIF($N$7:$N$12,AO10,$L$7:$L$12) -> 0 | AV10: =AO10 -> Bolivia | AW10: =IF(AZ10=AZ7,AV7,IF(AZ10=AZ8,AV8,IF(AZ10=AZ9,AV9,""))) -> USA | AX10: =IF(AW10="","",IFERROR(VLOOKUP(CONCATENATE(AV10,"_",AW10),$AI$7:$AL$16,4,FALSE),VLOOKUP(CONCATENATE(AW10,"_",AV10),$AI$7:$AL$16,4,FALSE))) -> SIN GANADOR | AY10: =IF(AX10="",1,IF(AX10=AV10,1,0)) -> 0 | AZ10: =-AP10*10000000 - AQ10*10000 - AR10*100 -> -30000000 | BA10: =AZ10-AY10*10 -> -30000000 | BB10: =BA10+N26 -> -29999996
B11: 4 | C11: =IFERROR(VLOOKUP($B11,$AN$7:$AS$11,C$5,FALSE),"") -> Bolivia | D11: =IFERROR(VLOOKUP($B11,$AN$7:$AS$11,D$5,FALSE),"") -> 3 | E11: =IFERROR(VLOOKUP($B11,$AN$7:$AS$11,E$5,FALSE),"") -> 0 | F11: =IFERROR(VLOOKUP($B11,$AN$7:$AS$11,F$5,FALSE),"") -> 0 | G11: =IFERROR(VLOOKUP($B11,$AN$7:$AS$11,G$5,FALSE),"") -> 0 | I11: 21 | J11: 45474 | K11: USA | N11: Uruguay | AG11: =IF(OR(L11="",M11=""),1,0) -> 1 | AI11: =CONCATENATE(K11,"_",N11) -> USA_Uruguay | AJ11: =IF(L11>M11,3,IF(L11<M11,0,1)) -> 1 | AK11: =IF(AJ11=3,0,IF(AJ11=1,1,3)) -> 1 | AL11: =IF(AJ11>AK11,K11,IF(AK11>AJ11,N11,"SIN GANADOR")) -> SIN GANADOR
I12: 22 | J12: 45474 | K12: Bolivia | N12: Panamá | AG12: =IF(OR(L12="",M12=""),1,0) -> 1 | AI12: =CONCATENATE(K12,"_",N12) -> Bolivia_Panamá | AJ12: =IF(L12>M12,3,IF(L12<M12,0,1)) -> 1 | AK12: =IF(AJ12=3,0,IF(AJ12=1,1,3)) -> 1 | AL12: =IF(AJ12>AK12,K12,IF(AK12>AJ12,N12,"SIN GANADOR")) -> SIN GANADOR
AG13: =IF(SUM(AG7:AG12)>0,1,0) -> 1
B22: El recuadro de la derecha sirve para desempatar, en caso de que haya empate entre | I22: 1 | J22: Escoja por prioridad los siguientes equipos:
B23: uno o más equipos en todos los criterios considerados. | I23: =IF(J23="",0,1) -> 1 | J23: USA | M23: 1 | N23: =IF(J23="",0,M23) -> 1
B24: Para utilizarlo, asigne una prioridad entre 1 y 5 (siendo más bajo mejor) a cada equipo. | I24: =IF(J24="",0,1) -> 1 | J24: Uruguay | M24: 2 | N24: =IF(J24="",0,M24) -> 2
B25: Puede pensarlo como el lugar que quedarían en la tabla de posiciones. | I25: =IF(J25="",0,1) -> 1 | J25: Panamá | M25: 3 | N25: =IF(J25="",0,M25) -> 3
B26: A modo de ejemplo, si su predicción es que todos los partidos terminan 0-0, el orden | I26: =IF(J26="",0,1) -> 1 | J26: Bolivia | M26: 4 | N26: =IF(J26="",0,M26) -> 4
B27: asignado en este recuadro es el que finalmente quedará en la tabla de posiciones. | N27: =IF(J27="",0,M27) -> 0

Sheet GRUPO D
B3: GRUPO D
C5: 2 | D5: 3 | E5: 5 | F5: 6 | G5: 4
B6: Tabla de Posiciones | J6: Fecha | K6: Partidos | AJ6: 1 | AK6: 2 | AL6: Ganador | AN6: Orden | AO6: Equipo | AP6: Puntos | AQ6: DG | AR6: GF | AS6: GC | AV6: Equipo | AW6: Empatado Con | AX6: Ganador | AY6: Ganador? | AZ6: Formula Rank | BA6: Formula Rank Con Duelo Directo | BB6: Formula Rank Con Prioridad
B7: Posición | C7: Equipo | D7: Puntos | E7: GF | F7: GC | G7: DG | I7: 7 | J7: 45467 | K7: Brasil | N7: Costa Rica | AG7: =IF(OR(L7="",M7=""),1,0) -> 1 | AI7: =CONCATENATE(K7,"_",N7) -> Brasil_Costa Rica | AJ7: =IF(L7>M7,3,IF(L7<M7,0,1)) -> 1 | AK7: =IF(AJ7=3,0,IF(AJ7=1,1,3)) -> 1 | AL7: =IF(AJ7>AK7,K7,IF(AK7>AJ7,N7,"SIN GANADOR")) -> SIN GANADOR | AN7: =_xlfn.RANK.EQ(BB7,BB$7:BB$11,1) -> 1 | AO7: =J23 -> Brasil | AP7: =SUMIF($K$7:$K$12,AO7,$AJ$7:$AJ$12) + SUMIF($N$7:$N$12,AO7,$AK$7:$AK$12) -> 3 | AQ7: =AR7-AS7 -> 0 | AR7: =SUMIF($K$7:$K$12,AO7,$L$7:$L$12) + SUMIF($N$7:$N$12,AO7,$M$7:$M$12) -> 0 | AS7: =SUMIF($K$7:$K$12,AO7,$M$7:$M$12) + SUMIF($N$7:$N$12,AO7,$L$7:$L$12) -> 0 | AV7: =AO7 -> Brasil | AW7: =IF(AZ7=AZ8,AV8,IF(AZ7=AZ9,AV9,IF(AZ7=AZ10,AV10,""))) -> Colombia | AX7: =IF(AW7="","",IFERROR(VLOOKUP(CONCATENATE(AV7,"_",AW7),$AI$7:$AL$16,4,FALSE),VLOOKUP(CONCATENATE(AW7,"_",AV7),$AI$7:$AL$16,4,FALSE))) -> SIN GANADOR | AY7: =IF(AX7="",1,IF(AX7=AV7,1,0)) -> 0 | AZ7: =-AP7*10000000 - AQ7*10000 - AR7*100 -> -30000000 | BA7: =AZ7-AY7*10 -> -30000000 | BB7: =BA7+N23 -> -29999999
B8: 1 | C8: =IFERROR(VLOOKUP($B8,$AN$7:$AS$11,C$5,FALSE),"") -> Brasil | D8: =IFERROR(VLOOKUP($B8,$AN$7:$AS$11,D$5,FALSE),"") -> 3 | E8: =IFERROR(VLOOKUP($B8,$AN$7:$AS$11,E$5,FALSE),"") -> 0 | F8: =IFERROR(VLOOKUP($B8,$AN$7:$AS$11,F$5,FALSE),"") -> 0 | G8: =IFERROR(VLOOKUP($B8,$AN$7:$AS$11,G$5,FALSE),"") -> 0 | I8: 8 | J8: 45467 | K8: Colombia | N8: Paraguay | AG8: =IF(OR(L8="",M8=""),1,0) -> 1 | AI8: =CONCATENATE(K8,"_",N8) -> Colombia_Paraguay | AJ8: =IF(L8>M8,3,IF(L8<M8,0,1)) -> 1 | AK8: =IF(AJ8=3,0,IF(AJ8=1,1,3)) -> 1 | AL8: =IF(AJ8>AK8,K8,IF(AK8>AJ8,N8,"SIN GANADOR")) -> SIN GANADOR | AN8: =_xlfn.RANK.EQ(BB8,BB$7:BB$11,1) -> 2 | AO8: =J24 -> Colombia | AP8: =SUMIF($K$7:$K$12,AO8,$AJ$7:$AJ$12) + SUMIF($N$7:$N$12,AO8,$AK$7:$AK$12) -> 3 | AQ8: =AR8-AS8 -> 0 | AR8: =SUMIF($K$7:$K$12,AO8,$L$7:$L$12) + SUMIF($N$7:$N$12,AO8,$M$7:$M$12) -> 0 | AS8: =SUMIF($K$7:$K$12,AO8,$M$7:$M$12) + SUMIF($N$7:$N$12,AO8,$L$7:$L$12) -> 0 | AV8: =AO8 -> Colombia | AW8: =IF(AZ8=AZ9,AV9,IF(AZ8=AZ10,AV10,IF(AZ8=AZ7,AV7,""))) -> Paraguay | AX8: =IF(AW8="","",IFERROR(VLOOKUP(CONCATENATE(AV8,"_",AW8),$AI$7:$AL$16,4,FALSE),VLOOKUP(CONCATENATE(AW8,"_",AV8),$AI$7:$AL$16,4,FALSE))) -> SIN GANADOR | AY8: =IF(AX8="",1,IF(AX8=AV8,1,0)) -> 0 | AZ8: =-AP8*10000000 - AQ8*10000 - AR8*100 -> -30000000 | BA8: =AZ8-AY8*10 -> -30000000 | BB8: =BA8+N24 -> -29999998
B9: 2 | C9: =IFERROR(VLOOKUP($B9,$AN$7:$AS$11,C$5,FALSE),"") -> Colombia | D9: =IFERROR(VLOOKUP($B9,$AN$7:$AS$11,D$5,FALSE),"") -> 3 | E9: =IFERROR(VLOOKUP($B9,$AN$7:$AS$11,E$5,FALSE),"") -> 0 | F9: =IFERROR(VLOOKUP($B9,$AN$7:$AS$11,F$5,FALSE),"") -> 0 | G9: =IFERROR(VLOOKUP($B9,$AN$7:$AS$11,G$5,FALSE),"") -> 0 | I9: 15 | J9: 45471 | K9: Paraguay | N9: Brasil | AG9: =IF(OR(L9="",M9=""),1,0) -> 1 | AI9: =CONCATENATE(K9,"_",N9) -> Paraguay_Brasil | AJ9: =IF(L9>M9,3,IF(L9<M9,0,1)) -> 1 | AK9: =IF(AJ9=3,0,IF(AJ9=1,1,3)) -> 1 | AL9: =IF(AJ9>AK9,K9,IF(AK9>AJ9,N9,"SIN GANADOR")) -> SIN GANADOR | AN9: =_xlfn.RANK.EQ(BB9,BB$7:BB$11,1) -> 3 | AO9: =J25 -> Paraguay | AP9: =SUMIF($K$7:$K$12,AO9,$AJ$7:$AJ$12) + SUMIF($N$7:$N$12,AO9,$AK$7:$AK$12) -> 3 | AQ9: =AR9-AS9 -> 0 | AR9: =SUMIF($K$7:$K$12,AO9,$L$7:$L$12) + SUMIF($N$7:$N$12,AO9,$M$7:$M$12) -> 0 | AS9: =SUMIF($K$7:$K$12,AO9,$M$7:$M$12) + SUMIF($N$7:$N$12,AO9,$L$7:$L$12) -> 0 | AV9: =AO9 -> Paraguay | AW9: =IF(AZ9=AZ10,AV10,IF(AZ9=AZ7,AV7,IF(AZ9=AZ8,AV8,""))) -> Costa Rica | AX9: =IF(AW9="","",IFERROR(VLOOKUP(CONCATENATE(AV9,"_",AW9),$AI$7:$AL$16,4,FALSE),VLOOKUP(CONCATENATE(AW9,"_",AV9),$AI$7:$AL$16,4,FALSE))) -> SIN GANADOR | AY9: =IF(AX9="",1,IF(AX9=AV9,1,0)) -> 0 | AZ9: =-AP9*10000000 - AQ9*10000 - AR9*100 -> -30000000 | BA9: =AZ9-AY9*10 -> -30000000 | BB9: =BA9+N25 -> -29999997
B10: 3 | C10: =IFERROR(VLOOKUP($B10,$AN$7:$AS$11,C$5,FALSE),"") -> Paraguay | D10: =IFERROR(VLOOKUP($B10,$AN$7:$AS$11,D$5,FALSE),"") -> 3 | E10: =IFERROR(VLOOKUP($B10,$AN$7:$AS$11,E$5,FALSE),"") -> 0 | F10: =IFERROR(VLOOKUP($B10,$AN$7:$AS$11,F$5,FALSE),"") -> 0 | G10: =IFERROR(VLOOKUP($B10,$AN$7:$AS$11,G$5,FALSE),"") -> 0 | I10: 16 | J10: 45471 | K10: Colombia | N10: Costa Rica | AG10: =IF(OR(L10="",M10=""),1,0) -> 1 | AI10: =CONCATENATE(K10,"_",N10) -> Colombia_Costa Rica | AJ10: =IF(L10>M10,3,IF(L10<M10,0,1)) -> 1 | AK10: =IF(AJ10=3,0,IF(AJ10=1,1,3)) -> 1 | AL10: =IF(AJ10>AK10,K10,IF(AK10>AJ10,N10,"SIN GANADOR")) -> SIN GANADOR | AN10: =_xlfn.RANK.EQ(BB10,BB$7:BB$11,1) -> 4 | AO10: =J26 -> Costa Rica | AP10: =SUMIF($K$7:$K$12,AO10,$AJ$7:$AJ$12) + SUMIF($N$7:$N$12,AO10,$AK$7:$AK$12) -> 3 | AQ10: =AR10-AS10 -> 0 | AR10: =SUMIF($K$7:$K$12,AO10,$L$7:$L$12) + SUMIF($N$7:$N$12,AO10,$M$7:$M$12) -> 0 | AS10: =SUMIF($K$7:$K$12,AO10,$M$7:$M$12) + SUMIF($N$7:$N$12,AO10,$L$7:$L$12) -> 0 | AV10: =AO10 -> Costa Rica | AW10: =IF(AZ10=AZ7,AV7,IF(AZ10=AZ8,AV8,IF(AZ10=AZ9,AV9,""))) -> Brasil | AX10: =IF(AW10="","",IFERROR(VLOOKUP(CONCATENATE(AV10,"_",AW10),$AI$7:$AL$16,4,FALSE),VLOOKUP(CONCATENATE(AW10,"_",AV10),$AI$7:$AL$16,4,FALSE))) -> SIN GANADOR | AY10: =IF(AX10="",1,IF(AX10=AV10,1,0)) -> 0 | AZ10: =-AP10*10000000 - AQ10*10000 - AR10*100 -> -30000000 | BA10: =AZ10-AY10*10 -> -30000000 | BB10: =BA10+N26 -> -29999996
B11: 4 | C11: =IFERROR(VLOOKUP($B11,$AN$7:$AS$11,C$5,FALSE),"") -> Costa Rica | D11: =IFERROR(VLOOKUP($B11,$AN$7:$AS$11,D$5,FALSE),"") -> 3 | E11: =IFERROR(VLOOKUP($B11,$AN$7:$AS$11,E$5,FALSE),"") -> 0 | F11: =IFERROR(VLOOKUP($B11,$AN$7:$AS$11,F$5,FALSE),"") -> 0 | G11: =IFERROR(VLOOKUP($B11,$AN$7:$AS$11,G$5,FALSE),"") -> 0 | I11: 23 | J11: 45475 | K11: Brasil | N11: Colombia | AG11: =IF(OR(L11="",M11=""),1,0) -> 1 | AI11: =CONCATENATE(K11,"_",N11) -> Brasil_Colombia | AJ11: =IF(L11>M11,3,IF(L11<M11,0,1)) -> 1 | AK11: =IF(AJ11=3,0,IF(AJ11=1,1,3)) -> 1 | AL11: =IF(AJ11>AK11,K11,IF(AK11>AJ11,N11,"SIN GANADOR")) -> SIN GANADOR
I12: 24 | J12: 45475 | K12: Costa Rica | N12: Paraguay | AG12: =IF(OR(L12="",M12=""),1,0) -> 1 | AI12: =CONCATENATE(K12,"_",N12) -> Costa Rica_Paraguay | AJ12: =IF(L12>M12,3,IF(L12<M12,0,1)) -> 1 | AK12: =IF(AJ12=3,0,IF(AJ12=1,1,3)) -> 1 | AL12: =IF(AJ12>AK12,K12,IF(AK12>AJ12,N12,"SIN GANADOR")) -> SIN GANADOR
AG13: =IF(SUM(AG7:AG12)>0,1,0) -> 1
B22: El recuadro de la derecha sirve para desempatar, en caso de que haya empate entre | I22: 1 | J22: Escoja por prioridad los siguientes equipos:
B23: uno o más equipos en todos los criterios considerados. | I23: =IF(J23="",0,1) -> 1 | J23: Brasil | M23: 1 | N23: =IF(J23="",0,M23) -> 1
B24: Para utilizarlo, asigne una prioridad entre 1 y 5 (siendo más bajo mejor) a cada equipo. | I24: =IF(J24="",0,1) -> 1 | J24: Colombia | M24: 2 | N24: =IF(J24="",0,M24) -> 2
B25: Puede pensarlo como el lugar que quedarían en la tabla de posiciones. | I25: =IF(J25="",0,1) -> 1 | J25: Paraguay | M25: 3 | N25: =IF(J25="",0,M25) -> 3
B26: A modo de ejemplo, si su predicción es que todos los partidos terminan 0-0, el orden | I26: =IF(J26="",0,1) -> 1 | J26: Costa Rica | M26: 4 | N26: =IF(J26="",0,M26) -> 4
B27: asignado en este recuadro es el que finalmente quedará en la tabla de posiciones. | N27: =IF(J27="",0,M27) -> 0

Sheet Play-Off
V1: =IF(OR(C8="",C9="",C16="",C17="",C24="",C25="",C32="",C33="",H12="",H13="",H28="",H29="",M20="",M21="",M29="",M30="",R24="",R25="",R26=""),1,0) -> 1
B4: Cuartos de Final
B7: 25 | C7: Resultado | D7: Penales
B8: ='GRUPO A'!C8 -> Argentina | G8: Semi Final
B9: ='GRUPO B'!C9 -> Ecuador
G11: 29 | H11: Resultado | I11: Penales
G12: =IF(C9>C8,B9,IF(C8>C9,B8,IF(D9>D8,B9,IF(D8>D9,B8,""))))
G13: =IF(C17>C16,B17,IF(C16>C17,B16,IF(D17>D16,B17,IF(D16>D17,B16,""))))
B15: 26 | C15: Resultado | D15: Penales
B16: ='GRUPO B'!C8 -> México | L16: Final
B17: ='GRUPO A'!C9 -> Perú
L19: 32 | M19: Resultado | N19: Penales
L20: =IF(H13>H12,G13,IF(H12>H13,G12,IF(I13>I12,G13,IF(I12>I13,G12,""))))
L21: =IF(H29>H28,G29,IF(H28>H29,G28,IF(I29>I28,G29,IF(I28>I29,G28,""))))
B23: 27 | C23: Resultado | D23: Penales | Q23: RESULTADOS TORNEO
B24: ='GRUPO C'!C8 -> USA | Q24: CAMPEÓN | R24: =IF(M20>M21,L20,IF(M21>M20,L21,IF(N20>N21,L20,IF(N21>N20,L21,""))))
B25: ='GRUPO D'!C9 -> Colombia | L25: Tercer y Cuarto Lugar | Q25: SUB CAMPEÓN | R25: =IF(R24=L20,L21,IF(R24=L21,L20,""))
Q26: TERCER LUGAR | R26: =IF(M29>M30,L29,IF(M30>M29,L30,IF(N29>N30,L29,IF(N30>N29,L30,""))))
G27: 30 | H27: Resultado | I27: Penales
G28: =IF(C25>C24,B25,IF(C24>C25,B24,IF(D25>D24,B25,IF(D24>D25,B24,"")))) | L28: 31 | M28: Resultado | N28: Penales
G29: =IF(C33>C32,B33,IF(C32>C33,B32,IF(D33>D32,B33,IF(D32>D33,B32,"")))) | L29: =IF(L20=G12,G13,IF(L20=G13,G12,""))
L30: =IF(L21=G28,G29,IF(L21=G29,G28,""))
B31: 28 | C31: Resultado | D31: Penales
B32: ='GRUPO D'!C8 -> Brasil
B33: ='GRUPO C'!C9 -> Uruguay
