Workbook

Sheet INFORMACION
J1: =SUM('GRUPO A'!AG13,'GRUPO B'!AG13,'GRUPO C'!AG13,'GRUPO D'!AG13,#REF!) -> #REF!
B2: Información del Jugador
B3: Nombre
B4: Mail
B6: Goleador

Sheet GRUPO A
B3: GRUPO A
C5: 2 | D5: 3 | E5: 5 | F5: 6 | G5: 4
B6: Tabla de Posiciones | J6: Fecha | K6: Partidos | AJ6: 1 | AK6: 2 | AL6: Ganador | AN6: Orden | AO6: Equipo | AP6: Puntos | AQ6: DG | AR6: GF | AS6: GC | AV6: Equipo | AW6: Empatado Con | AX6: Ganador | AY6: Ganador? | AZ6: Formula Rank | BA6: Formula Rank Con Duelo Directo | BB6: Formula Rank Con Prioridad
B7: Posición | C7: Equipo | D7: Puntos | E7: GF | F7: GC | G7: DG | I7: 1 | J7: 46184 | K7: México | N7: Sudáfrica | AG7: =IF(OR(L7="",M7=""),1,0) -> 1 | AI7: =CONCATENATE(K7,"_",N7) -> México_Sudáfrica | AJ7: =IF(L7>M7,3,IF(L7<M7,0,1)) -> 1 | AK7: =IF(AJ7=3,0,IF(AJ7=1,1,3)) -> 1 | AL7: =IF(AJ7>AK7,K7,IF(AK7>AJ7,N7,"SIN GANADOR")) -> SIN GANADOR | AN7: =_xlfn.RANK.EQ(BB7,BB$7:BB$11,1) -> 1 | AO7: =J23 -> México | AP7: =SUMIF($K$7:$K$12,AO7,$AJ$7:$AJ$12) + SUMIF($N$7:$N$12,AO7,$AK$7:$AK$12) -> 3 | AQ7: =AR7-AS7 -> 0 | AR7: =SUMIF($K$7:$K$12,AO7,$L$7:$L$12) + SUMIF($N$7:$N$12,AO7,$M$7:$M$12) -> 0 | AS7: =SUMIF($K$7:$K$12,AO7,$M$7:$M$12) + SUMIF($N$7:$N$12,AO7,$L$7:$L$12) -> 0 | AV7: =AO7 -> México | AW7: =IF(AZ7=AZ8,AV8,IF(AZ7=AZ9,AV9,IF(AZ7=AZ10,AV10,""))) -> Sudáfrica | AX7: =IF(AW7="","",IFERROR(VLOOKUP(CONCATENATE(AV7,"_",AW7),$AI$7:$AL$16,4,FALSE),VLOOKUP(CONCATENATE(AW7,"_",AV7),$AI$7:$AL$16,4,FALSE))) -> SIN GANADOR | AY7: =IF(AX7="",1,IF(AX7=AV7,1,0)) -> 0 | AZ7: =-AP7*10000000 - AQ7*10000 - AR7*100 -> -30000000 | BA7: =AZ7-AY7*10 -> -30000000 | BB7: =BA7+N23 -> -29999999
B8: 1 | C8: =IFERROR(VLOOKUP($B8,$AN$7:$AS$11,C$5,FALSE),"") -> México | D8: =IFERROR(VLOOKUP($B8,$AN$7:$AS$11,D$5,FALSE),"") -> 3 | E8: =IFERROR(VLOOKUP($B8,$AN$7:$AS$11,E$5,FALSE),"") -> 0 | F8: =IFERROR(VLOOKUP($B8,$AN$7:$AS$11,F$5,FALSE),"") -> 0 | G8: =IFERROR(VLOOKUP($B8,$AN$7:$AS$11,G$5,FALSE),"") -> 0 | I8: 2 | J8: 46184 | K8: Corea | N8: República Checa | AG8: =IF(OR(L8="",M8=""),1,0) -> 1 | AI8: =CONCATENATE(K8,"_",N8) -> Corea_República Checa | AJ8: =IF(L8>M8,3,IF(L8<M8,0,1)) -> 1 | AK8: =IF(AJ8=3,0,IF(AJ8=1,1,3)) -> 1 | AL8: =IF(AJ8>AK8,K8,IF(AK8>AJ8,N8,"SIN GANADOR")) -> SIN GANADOR | AN8: =_xlfn.RANK.EQ(BB8,BB$7:BB$11,1) -> 2 | AO8: =J24 -> Sudáfrica | AP8: =SUMIF($K$7:$K$12,AO8,$AJ$7:$AJ$12) + SUMIF($N$7:$N$12,AO8,$AK$7:$AK$12) -> 3 | AQ8: =AR8-AS8 -> 0 | AR8: =SUMIF($K$7:$K$12,AO8,$L$7:$L$12) + SUMIF($N$7:$N$12,AO8,$M$7:$M$12) -> 0 | AS8: =SUMIF($K$7:$K$12,AO8,$M$7:$M$12) + SUMIF($N$7:$N$12,AO8,$L$7:$L$12) -> 0 | AV8: =AO8 -> Sudáfrica | AW8: =IF(AZ8=AZ9,AV9,IF(AZ8=AZ10,AV10,IF(AZ8=AZ7,AV7,""))) -> Corea | AX8: =IF(AW8="","",IFERROR(VLOOKUP(CONCATENATE(AV8,"_",AW8),$AI$7:$AL$16,4,FALSE),VLOOKUP(CONCATENATE(AW8,"_",AV8),$AI$7:$AL$16,4,FALSE))) -> SIN GANADOR | AY8: =IF(AX8="",1,IF(AX8=AV8,1,0)) -> 0 | AZ8: =-AP8*10000000 - AQ8*10000 - AR8*100 -> -30000000 | BA8: =AZ8-AY8*10 -> -30000000 | BB8: =BA8+N24 -> -29999998
B9: 2 | C9: =IFERROR(VLOOKUP($B9,$AN$7:$AS$11,C$5,FALSE),"") -> Sudáfrica | D9: =IFERROR(VLOOKUP($B9,$AN$7:$AS$11,D$5,FALSE),"") -> 3 | E9: =IFERROR(VLOOKUP($B9,$AN$7:$AS$11,E$5,FALSE),"") -> 0 | F9: =IFERROR(VLOOKUP($B9,$AN$7:$AS$11,F$5,FALSE),"") -> 0 | G9: =IFERROR(VLOOKUP($B9,$AN$7:$AS$11,G$5,FALSE),"") -> 0 | I9: 25 | J9: 46191 | K9: República Checa | N9: Sudáfrica | AG9: =IF(OR(L9="",M9=""),1,0) -> 1 | AI9: =CONCATENATE(K9,"_",N9) -> República Checa_Sudáfrica | AJ9: =IF(L9>M9,3,IF(L9<M9,0,1)) -> 1 | AK9: =IF(AJ9=3,0,IF(AJ9=1,1,3)) -> 1 | AL9: =IF(AJ9>AK9,K9,IF(AK9>AJ9,N9,"SIN GANADOR")) -> SIN GANADOR | AN9: =_xlfn.RANK.EQ(BB9,BB$7:BB$11,1) -> 3 | AO9: =J25 -> Corea | AP9: =SUMIF($K$7:$K$12,AO9,$AJ$7:$AJ$12) + SUMIF($N$7:$N$12,AO9,$AK$7:$AK$12) -> 3 | AQ9: =AR9-AS9 -> 0 | AR9: =SUMIF($K$7:$K$12,AO9,$L$7:$L$12) + SUMIF($N$7:$N$12,AO9,$M$7:$M$12) -> 0 | AS9: =SUMIF($K$7:$K$12,AO9,$M$7:$M$12) + SUMIF($N$7:$N$12,AO9,$L$7:$L$12) -> 0 | AV9: =AO9 -> Corea | AW9: =IF(AZ9=AZ10,AV10,IF(AZ9=AZ7,AV7,IF(AZ9=AZ8,AV8,""))) -> República Checa | AX9: =IF(AW9="","",IFERROR(VLOOKUP(CONCATENATE(AV9,"_",AW9),$AI$7:$AL$16,4,FALSE),VLOOKUP(CONCATENATE(AW9,"_",AV9),$AI$7:$AL$16,4,FALSE))) -> SIN GANADOR | AY9: =IF(AX9="",1,IF(AX9=AV9,1,0)) -> 0 | AZ9: =-AP9*10000000 - AQ9*10000 - AR9*100 -> -30000000 | BA9: =AZ9-AY9*10 -> -30000000 | BB9: =BA9+N25 -> -29999997
B10: 3 | C10: =IFERROR(VLOOKUP($B10,$AN$7:$AS$11,C$5,FALSE),"") -> Corea | D10: =IFERROR(VLOOKUP($B10,$AN$7:$AS$11,D$5,FALSE),"") -> 3 | E10: =IFERROR(VLOOKUP($B10,$AN$7:$AS$11,E$5,FALSE),"") -> 0 | F10: =IFERROR(VLOOKUP($B10,$AN$7:$AS$11,F$5,FALSE),"") -> 0 | G10: =IFERROR(VLOOKUP($B10,$AN$7:$AS$11,G$5,FALSE),"") -> 0 | I10: 28 | J10: 46191 | K10: México | N10: Corea | AG10: =IF(OR(L10="",M10=""),1,0) -> 1 | AI10: =CONCATENATE(K10,"_",N10) -> México_Corea | AJ10: =IF(L10>M10,3,IF(L10<M10,0,1)) -> 1 | AK10: =IF(AJ10=3,0,IF(AJ10=1,1,3)) -> 1 | AL10: =IF(AJ10>AK10,K10,IF(AK10>AJ10,N10,"SIN GANADOR")) -> SIN GANADOR | AN10: =_xlfn.RANK.EQ(BB10,BB$7:BB$11,1) -> 4 | AO10: =J26 -> República Checa | AP10: =SUMIF($K$7:$K$12,AO10,$AJ$7:$AJ$12) + SUMIF($N$7:$N$12,AO10,$AK$7:$AK$12) -> 3 | AQ10: =AR10-AS10 -> 0 | AR10: =SUMIF($K$7:$K$12,AO10,$L$7:$L$12) + SUMIF($N$7:$N$12,AO10,$M$7:$M$12) -> 0 | AS10: =SUMIF($K$7:$K$12,AO10,$M$7:$M$12) + SUMIF($N$7:$N$12,AO10,$L$7:$L$12) -> 0 | AV10: =AO10 -> República Checa | AW10: =IF(AZ10=AZ7,AV7,IF(AZ10=AZ8,AV8,IF(AZ10=AZ9,AV9,""))) -> México | AX10: =IF(AW10="","",IFERROR(VLOOKUP(CONCATENATE(AV10,"_",AW10),$AI$7:$AL$16,4,FALSE),VLOOKUP(CONCATENATE(AW10,"_",AV10),$AI$7:$AL$16,4,FALSE))) -> SIN GANADOR | AY10: =IF(AX10="",1,IF(AX10=AV10,1,0)) -> 0 | AZ10: =-AP10*10000000 - AQ10*10000 - AR10*100 -> -30000000 | BA10: =AZ10-AY10*10 -> -30000000 | BB10: =BA10+N26 -> -29999996
B11: 4 | C11: =IFERROR(VLOOKUP($B11,$AN$7:$AS$11,C$5,FALSE),"") -> República Checa | D11: =IFERROR(VLOOKUP($B11,$AN$7:$AS$11,D$5,FALSE),"") -> 3 | E11: =IFERROR(VLOOKUP($B11,$AN$7:$AS$11,E$5,FALSE),"") -> 0 | F11: =IFERROR(VLOOKUP($B11,$AN$7:$AS$11,F$5,FALSE),"") -> 0 | G11: =IFERROR(VLOOKUP($B11,$AN$7:$AS$11,G$5,FALSE),"") -> 0 | I11: 53 | J11: 46197 | K11: República Checa | N11: México | AG11: =IF(OR(L11="",M11=""),1,0) -> 1 | AI11: =CONCATENATE(K11,"_",N11) -> República Checa_México | AJ11: =IF(L11>M11,3,IF(L11<M11,0,1)) -> 1 | AK11: =IF(AJ11=3,0,IF(AJ11=1,1,3)) -> 1 | AL11: =IF(AJ11>AK11,K11,IF(AK11>AJ11,N11,"SIN GANADOR")) -> SIN GANADOR
I12: 54 | J12: 46197 | K12: Sudáfrica | N12: Corea | AG12: =IF(OR(L12="",M12=""),1,0) -> 1 | AI12: =CONCATENATE(K12,"_",N12) -> Sudáfrica_Corea | AJ12: =IF(L12>M12,3,IF(L12<M12,0,1)) -> 1 | AK12: =IF(AJ12=3,0,IF(AJ12=1,1,3)) -> 1 | AL12: =IF(AJ12>AK12,K12,IF(AK12>AJ12,N12,"SIN GANADOR")) -> SIN GANADOR
AG13: =IF(SUM(AG7:AG12)>0,1,0) -> 1
B22: El recuadro de la derecha sirve para desempatar, en caso de que haya empate entre | I22: 1 | J22: Escoja por prioridad los siguientes equipos:
B23: uno o más equipos en todos los criterios considerados. | I23: =IF(J23="",0,1) -> 1 | J23: México | M23: 1 | N23: =IF(J23="",0,M23) -> 1
B24: Para utilizarlo, asigne una prioridad entre 1 y 5 (siendo más bajo mejor) a cada equipo. | I24: =IF(J24="",0,1) -> 1 | J24: Sudáfrica | M24: 2 | N24: =IF(J24="",0,M24) -> 2
B25: Puede pensarlo como el lugar que quedarían en la tabla de posiciones. | I25: =IF(J25="",0,1) -> 1 | J25: Corea | M25: 3 | N25: =IF(J25="",0,M25) -> 3
B26: A modo de ejemplo, si su predicción es que todos los partidos terminan 0-0, el orden | I26: =IF(J26="",0,1) -> 1 | J26: República Checa | M26: 4 | N26: =IF(J26="",0,M26) -> 4
B27: asignado en este recuadro es el que finalmente quedará en la tabla de posiciones. | N27: =IF(J27="",0,M27) -> 0

Sheet GRUPO B
B3: GRUPO B
C5: 2 | D5: 3 | E5: 5 | F5: 6 | G5: 4
B6: Tabla de Posiciones | J6: Fecha | K6: Partidos | AJ6: 1 | AK6: 2 | AL6: Ganador | AN6: Orden | AO6: Equipo | AP6: Puntos | AQ6: DG | AR6: GF | AS6: GC | AV6: Equipo | AW6: Empatado Con | AX6: Ganador | AY6: Ganador? | AZ6: Formula Rank | BA6: Formula Rank Con Duelo Directo | BB6: Formula Rank Con Prioridad
B7: Posición | C7: Equipo | D7: Puntos | E7: GF | F7: GC | G7: DG | I7: 3 | J7: 46185 | K7: Canadá | N7: Bosnia | AG7: =IF(OR(L7="",M7=""),1,0) -> 1 | AI7: =CONCATENATE(K7,"_",N7) -> Canadá_Bosnia | AJ7: =IF(L7>M7,3,IF(L7<M7,0,1)) -> 1 | AK7: =IF(AJ7=3,0,IF(AJ7=1,1,3)) -> 1 | AL7: =IF(AJ7>AK7,K7,IF(AK7>AJ7,N7,"SIN GANADOR")) -> SIN GANADOR | AN7: =_xlfn.RANK.EQ(BB7,BB$7:BB$11,1) -> 1 | AO7: =J23 -> Canadá | AP7: =SUMIF($K$7:$K$12,AO7,$AJ$7:$AJ$12) + SUMIF($N$7:$N$12,AO7,$AK$7:$AK$12) -> 3 | AQ7: =AR7-AS7 -> 0 | AR7: =SUMIF($K$7:$K$12,AO7,$L$7:$L$12) + SUMIF($N$7:$N$12,AO7,$M$7:$M$12) -> 0 | AS7: =SUMIF($K$7:$K$12,AO7,$M$7:$M$12) + SUMIF($N$7:$N$12,AO7,$L$7:$L$12) -> 0 | AV7: =AO7 -> Canadá | AW7: =IF(AZ7=AZ8,AV8,IF(AZ7=AZ9,AV9,IF(AZ7=AZ10,AV10,""))) -> Bosnia | AX7: =IF(AW7="","",IFERROR(VLOOKUP(CONCATENATE(AV7,"_",AW7),$AI$7:$AL$16,4,FALSE),VLOOKUP(CONCATENATE(AW7,"_",AV7),$AI$7:$AL$16,4,FALSE))) -> SIN GANADOR | AY7: =IF(AX7="",1,IF(AX7=AV7,1,0)) -> 0 | AZ7: =-AP7*10000000 - AQ7*10000 - AR7*100 -> -30000000 | BA7: =AZ7-AY7*10 -> -30000000 | BB7: =BA7+N23 -> -29999999
B8: 1 | C8: =IFERROR(VLOOKUP($B8,$AN$7:$AS$11,C$5,FALSE),"") -> Canadá | D8: =IFERROR(VLOOKUP($B8,$AN$7:$AS$11,D$5,FALSE),"") -> 3 | E8: =IFERROR(VLOOKUP($B8,$AN$7:$AS$11,E$5,FALSE),"") -> 0 | F8: =IFERROR(VLOOKUP($B8,$AN$7:$AS$11,F$5,FALSE),"") -> 0 | G8: =IFERROR(VLOOKUP($B8,$AN$7:$AS$11,G$5,FALSE),"") -> 0 | I8: 5 | J8: 46186 | K8: Catar | N8: Suiza | AG8: =IF(OR(L8="",M8=""),1,0) -> 1 | AI8: =CONCATENATE(K8,"_",N8) -> Catar_Suiza | AJ8: =IF(L8>M8,3,IF(L8<M8,0,1)) -> 1 | AK8: =IF(AJ8=3,0,IF(AJ8=1,1,3)) -> 1 | AL8: =IF(AJ8>AK8,K8,IF(AK8>AJ8,N8,"SIN GANADOR")) -> SIN GANADOR | AN8: =_xlfn.RANK.EQ(BB8,BB$7:BB$11,1) -> 2 | AO8: =J24 -> Bosnia | AP8: =SUMIF($K$7:$K$12,AO8,$AJ$7:$AJ$12) + SUMIF($N$7:$N$12,AO8,$AK$7:$AK$12) -> 3 | AQ8: =AR8-AS8 -> 0 | AR8: =SUMIF($K$7:$K$12,AO8,$L$7:$L$12) + SUMIF($N$7:$N$12,AO8,$M$7:$M$12) -> 0 | AS8: =SUMIF($K$7:$K$12,AO8,$M$7:$M$12) + SUMIF($N$7:$N$12,AO8,$L$7:$L$12) -> 0 | AV8: =AO8 -> Bosnia | AW8: =IF(AZ8=AZ9,AV9,IF(AZ8=AZ10,AV10,IF(AZ8=AZ7,AV7,""))) -> Suiza | AX8: =IF(AW8="","",IFERROR(VLOOKUP(CONCATENATE(AV8,"_",AW8),$AI$7:$AL$16,4,FALSE),VLOOKUP(CONCATENATE(AW8,"_",AV8),$AI$7:$AL$16,4,FALSE))) -> SIN GANADOR | AY8: =IF(AX8="",1,IF(AX8=AV8,1,0)) -> 0 | AZ8: =-AP8*10000000 - AQ8*10000 - AR8*100 -> -30000000 | BA8: =AZ8-AY8*10 -> -30000000 | BB8: =BA8+N24 -> -29999998
B9: 2 | C9: =IFERROR(VLOOKUP($B9,$AN$7:$AS$11,C$5,FALSE),"") -> Bosnia | D9: =IFERROR(VLOOKUP($B9,$AN$7:$AS$11,D$5,FALSE),"") -> 3 | E9: =IFERROR(VLOOKUP($B9,$AN$7:$AS$11,E$5,FALSE),"") -> 0 | F9: =IFERROR(VLOOKUP($B9,$AN$7:$AS$11,F$5,FALSE),"") -> 0 | G9: =IFERROR(VLOOKUP($B9,$AN$7:$AS$11,G$5,FALSE),"") -> 0 | I9: 26 | J9: 46191 | K9: Suiza | N9: Bosnia | AG9: =IF(OR(L9="",M9=""),1,0) -> 1 | AI9: =CONCATENATE(K9,"_",N9) -> Suiza_Bosnia | AJ9: =IF(L9>M9,3,IF(L9<M9,0,1)) -> 1 | AK9: =IF(AJ9=3,0,IF(AJ9=1,1,3)) -> 1 | AL9: =IF(AJ9>AK9,K9,IF(AK9>AJ9,N9,"SIN GANADOR")) -> SIN GANADOR | AN9: =_xlfn.RANK.EQ(BB9,BB$7:BB$11,1) -> 3 | AO9: =J25 -> Suiza | AP9: =SUMIF($K$7:$K$12,AO9,$AJ$7:$AJ$12) + SUMIF($N$7:$N$12,AO9,$AK$7:$AK$12) -> 3 | AQ9: =AR9-AS9 -> 0 | AR9: =SUMIF($K$7:$K$12,AO9,$L$7:$L$12) + SUMIF($N$7:$N$12,AO9,$M$7:$M$12) -> 0 | AS9: =SUMIF($K$7:$K$12,AO9,$M$7:$M$12) + SUMIF($N$7:$N$12,AO9,$L$7:$L$12) -> 0 | AV9: =AO9 -> Suiza | AW9: =IF(AZ9=AZ10,AV10,IF(AZ9=AZ7,AV7,IF(AZ9=AZ8,AV8,""))) -> Catar | AX9: =IF(AW9="","",IFERROR(VLOOKUP(CONCATENATE(AV9,"_",AW9),$AI$7:$AL$16,4,FALSE),VLOOKUP(CONCATENATE(AW9,"_",AV9),$AI$7:$AL$16,4,FALSE))) -> SIN GANADOR | AY9: =IF(AX9="",1,IF(AX9=AV9,1,0)) -> 0 | AZ9: =-AP9*10000000 - AQ9*10000 - AR9*100 -> -30000000 | BA9: =AZ9-AY9*10 -> -30000000 | BB9: =BA9+N25 -> -29999997
B10: 3 | C10: =IFERROR(VLOOKUP($B10,$AN$7:$AS$11,C$5,FALSE),"") -> Suiza | D10: =IFERROR(VLOOKUP($B10,$AN$7:$AS$11,D$5,FALSE),"") -> 3 | E10: =IFERROR(VLOOKUP($B10,$AN$7:$AS$11,E$5,FALSE),"") -> 0 | F10: =IFERROR(VLOOKUP($B10,$AN$7:$AS$11,F$5,FALSE),"") -> 0 | G10: =IFERROR(VLOOKUP($B10,$AN$7:$AS$11,G$5,FALSE),"") -> 0 | I10: 27 | J10: 46191 | K10: Canadá | N10: Catar | AG10: =IF(OR(L10="",M10=""),1,0) -> 1 | AI10: =CONCATENATE(K10,"_",N10) -> Canadá_Catar | AJ10: =IF(L10>M10,3,IF(L10<M10,0,1)) -> 1 | AK10: =IF(AJ10=3,0,IF(AJ10=1,1,3)) -> 1 | AL10: =IF(AJ10>AK10,K10,IF(AK10>AJ10,N10,"SIN GANADOR")) -> SIN GANADOR | AN10: =_xlfn.RANK.EQ(BB10,BB$7:BB$11,1) -> 4 | AO10: =J26 -> Catar | AP10: =SUMIF($K$7:$K$12,AO10,$AJ$7:$AJ$12) + SUMIF($N$7:$N$12,AO10,$AK$7:$AK$12) -> 3 | AQ10: =AR10-AS10 -> 0 | AR10: =SUMIF($K$7:$K$12,AO10,$L$7:$L$12) + SUMIF($N$7:$N$12,AO10,$M$7:$M$12) -> 0 | AS10: =SUMIF($K$7:$K$12,AO10,$M$7:$M$12) + SUMIF($N$7:$N$12,AO10,$L$7:$L$12) -> 0 | AV10: =AO10 -> Catar | AW10: =IF(AZ10=AZ7,AV7,IF(AZ10=AZ8,AV8,IF(AZ10=AZ9,AV9,""))) -> Canadá | AX10: =IF(AW10="","",IFERROR(VLOOKUP(CONCATENATE(AV10,"_",AW10),$AI$7:$AL$16,4,FALSE),VLOOKUP(CONCATENATE(AW10,"_",AV10),$AI$7:$AL$16,4,FALSE))) -> SIN GANADOR | AY10: =IF(AX10="",1,IF(AX10=AV10,1,0)) -> 0 | AZ10: =-AP10*10000000 - AQ10*10000 - AR10*100 -> -30000000 | BA10: =AZ10-AY10*10 -> -30000000 | BB10: =BA10+N26 -> -29999996
B11: 4 | C11: =IFERROR(VLOOKUP($B11,$AN$7:$AS$11,C$5,FALSE),"") -> Catar | D11: =IFERROR(VLOOKUP($B11,$AN$7:$AS$11,D$5,FALSE),"") -> 3 | E11: =IFERROR(VLOOKUP($B11,$AN$7:$AS$11,E$5,FALSE),"") -> 0 | F11: =IFERROR(VLOOKUP($B11,$AN$7:$AS$11,F$5,FALSE),"") -> 0 | G11: =IFERROR(VLOOKUP($B11,$AN$7:$AS$11,G$5,FALSE),"") -> 0 | I11: 49 | J11: 46197 | K11: Suiza | N11: Canadá | AG11: =IF(OR(L11="",M11=""),1,0) -> 1 | AI11: =CONCATENATE(K11,"_",N11) -> Suiza_Canadá | AJ11: =IF(L11>M11,3,IF(L11<M11,0,1)) -> 1 | AK11: =IF(AJ11=3,0,IF(AJ11=1,1,3)) -> 1 | AL11: =IF(AJ11>AK11,K11,IF(AK11>AJ11,N11,"SIN GANADOR")) -> SIN GANADOR
I12: 50 | J12: 46197 | K12: Bosnia | N12: Catar | AG12: =IF(OR(L12="",M12=""),1,0) -> 1 | AI12: =CONCATENATE(K12,"_",N12) -> Bosnia_Catar | AJ12: =IF(L12>M12,3,IF(L12<M12,0,1)) -> 1 | AK12: =IF(AJ12=3,0,IF(AJ12=1,1,3)) -> 1 | AL12: =IF(AJ12>AK12,K12,IF(AK12>AJ12,N12,"SIN GANADOR")) -> SIN GANADOR
AG13: =IF(SUM(AG7:AG12)>0,1,0) -> 1
B22: El recuadro de la derecha sirve para desempatar, en caso de que haya empate entre | I22: 1 | J22: Escoja por prioridad los siguientes equipos:
B23: uno o más equipos en todos los criterios considerados. | I23: =IF(J23="",0,1) -> 1 | J23: Canadá | M23: 1 | N23: =IF(J23="",0,M23) -> 1
B24: Para utilizarlo, asigne una prioridad entre 1 y 5 (siendo más bajo mejor) a cada equipo. | I24: =IF(J24="",0,1) -> 1 | J24: Bosnia | M24: 2 | N24: =IF(J24="",0,M24) -> 2
B25: Puede pensarlo como el lugar que quedarían en la tabla de posiciones. | I25: =IF(J25="",0,1) -> 1 | J25: Suiza | M25: 3 | N25: =IF(J25="",0,M25) -> 3
B26: A modo de ejemplo, si su predicción es que todos los partidos terminan 0-0, el orden | I26: =IF(J26="",0,1) -> 1 | J26: Catar | M26: 4 | N26: =IF(J26="",0,M26) -> 4
B27: asignado en este recuadro es el que finalmente quedará en la tabla de posiciones. | N27: =IF(J27="",0,M27) -> 0

Sheet GRUPO C
B3: GRUPO C
C5: 2 | D5: 3 | E5: 5 | F5: 6 | G5: 4
B6: Tabla de Posiciones | J6: Fecha | K6: Partidos | AJ6: 1 | AK6: 2 | AL6: Ganador | AN6: Orden | AO6: Equipo | AP6: Puntos | AQ6: DG | AR6: GF | AS6: GC | AV6: Equipo | AW6: Empatado Con | AX6: Ganador | AY6: Ganador? | AZ6: Formula Rank | BA6: Formula Rank Con Duelo Directo | BB6: Formula Rank Con Prioridad
B7: Posición | C7: Equipo | D7: Puntos | E7: GF | F7: GC | G7: DG | I7: 6 | J7: 46186 | K7: Brasil | N7: Marruecos | AG7: =IF(OR(L7="",M7=""),1,0) -> 1 | AI7: =CONCATENATE(K7,"_",N7) -> Brasil_Marruecos | AJ7: =IF(L7>M7,3,IF(L7<M7,0,1)) -> 1 | AK7: =IF(AJ7=3,0,IF(AJ7=1,1,3)) -> 1 | AL7: =IF(AJ7>AK7,K7,IF(AK7>AJ7,N7,"SIN GANADOR")) -> SIN GANADOR | AN7: =_xlfn.RANK.EQ(BB7,BB$7:BB$11,1) -> 1 | AO7: =J23 -> Brasil | AP7: =SUMIF($K$7:$K$12,AO7,$AJ$7:$AJ$12) + SUMIF($N$7:$N$12,AO7,$AK$7:$AK$12) -> 3 | AQ7: =AR7-AS7 -> 0 | AR7: =SUMIF($K$7:$K$12,AO7,$L$7:$L$12) + SUMIF($N$7:$N$12,AO7,$M$7:$M$12) -> 0 | AS7: =SUMIF($K$7:$K$12,AO7,$M$7:$M$12) + SUMIF($N$7:$N$12,AO7,$L$7:$L$12) -> 0 | AV7: =AO7 -> Brasil | AW7: =IF(AZ7=AZ8,AV8,IF(AZ7=AZ9,AV9,IF(AZ7=AZ10,AV10,""))) -> Marruecos | AX7: =IF(AW7="","",IFERROR(VLOOKUP(CONCATENATE(AV7,"_",AW7),$AI$7:$AL$16,4,FALSE),VLOOKUP(CONCATENATE(AW7,"_",AV7),$AI$7:$AL$16,4,FALSE))) -> SIN GANADOR | AY7: =IF(AX7="",1,IF(AX7=AV7,1,0)) -> 0 | AZ7: =-AP7*10000000 - AQ7*10000 - AR7*100 -> -30000000 | BA7: =AZ7-AY7*10 -> -30000000 | BB7: =BA7+N23 -> -29999999
B8: 1 | C8: =IFERROR(VLOOKUP($B8,$AN$7:$AS$11,C$5,FALSE),"") -> Brasil | D8: =IFERROR(VLOOKUP($B8,$AN$7:$AS$11,D$5,FALSE),"") -> 3 | E8: =IFERROR(VLOOKUP($B8,$AN$7:$AS$11,E$5,FALSE),"") -> 0 | F8: =IFERROR(VLOOKUP($B8,$AN$7:$AS$11,F$5,FALSE),"") -> 0 | G8: =IFERROR(VLOOKUP($B8,$AN$7:$AS$11,G$5,FALSE),"") -> 0 | I8: 7 | J8: 46186 | K8: Haití | N8: Escocia | AG8: =IF(OR(L8="",M8=""),1,0) -> 1 | AI8: =CONCATENATE(K8,"_",N8) -> Haití_Escocia | AJ8: =IF(L8>M8,3,IF(L8<M8,0,1)) -> 1 | AK8: =IF(AJ8=3,0,IF(AJ8=1,1,3)) -> 1 | AL8: =IF(AJ8>AK8,K8,IF(AK8>AJ8,N8,"SIN GANADOR")) -> SIN GANADOR | AN8: =_xlfn.RANK.EQ(BB8,BB$7:BB$11,1) -> 2 | AO8: =J24 -> Marruecos | AP8: =SUMIF($K$7:$K$12,AO8,$AJ$7:$AJ$12) + SUMIF($N$7:$N$12,AO8,$AK$7:$AK$12) -> 3 | AQ8: =AR8-AS8 -> 0 | AR8: =SUMIF($K$7:$K$12,AO8,$L$7:$L$12) + SUMIF($N$7:$N$12,AO8,$M$7:$M$12) -> 0 | AS8: =SUMIF($K$7:$K$12,AO8,$M$7:$M$12) + SUMIF($N$7:$N$12,AO8,$L$7:$L$12) -> 0 | AV8: =AO8 -> Marruecos | AW8: =IF(AZ8=AZ9,AV9,IF(AZ8=AZ10,AV10,IF(AZ8=AZ7,AV7,""))) -> Haití | AX8: =IF(AW8="","",IFERROR(VLOOKUP(CONCATENATE(AV8,"_",AW8),$AI$7:$AL$16,4,FALSE),VLOOKUP(CONCATENATE(AW8,"_",AV8),$AI$7:$AL$16,4,FALSE))) -> SIN GANADOR | AY8: =IF(AX8="",1,IF(AX8=AV8,1,0)) -> 0 | AZ8: =-AP8*10000000 - AQ8*10000 - AR8*100 -> -30000000 | BA8: =AZ8-AY8*10 -> -30000000 | BB8: =BA8+N24 -> -29999998
B9: 2 | C9: =IFERROR(VLOOKUP($B9,$AN$7:$AS$11,C$5,FALSE),"") -> Marruecos | D9: =IFERROR(VLOOKUP($B9,$AN$7:$AS$11,D$5,FALSE),"") -> 3 | E9: =IFERROR(VLOOKUP($B9,$AN$7:$AS$11,E$5,FALSE),"") -> 0 | F9: =IFERROR(VLOOKUP($B9,$AN$7:$AS$11,F$5,FALSE),"") -> 0 | G9: =IFERROR(VLOOKUP($B9,$AN$7:$AS$11,G$5,FALSE),"") -> 0 | I9: 30 | J9: 46192 | K9: Escocia | N9: Marruecos | AG9: =IF(OR(L9="",M9=""),1,0) -> 1 | AI9: =CONCATENATE(K9,"_",N9) -> Escocia_Marruecos | AJ9: =IF(L9>M9,3,IF(L9<M9,0,1)) -> 1 | AK9: =IF(AJ9=3,0,IF(AJ9=1,1,3)) -> 1 | AL9: =IF(AJ9>AK9,K9,IF(AK9>AJ9,N9,"SIN GANADOR")) -> SIN GANADOR | AN9: =_xlfn.RANK.EQ(BB9,BB$7:BB$11,1) -> 3 | AO9: =J25 -> Haití | AP9: =SUMIF($K$7:$K$12,AO9,$AJ$7:$AJ$12) + SUMIF($N$7:$N$12,AO9,$AK$7:$AK$12) -> 3 | AQ9: =AR9-AS9 -> 0 | AR9: =SUMIF($K$7:$K$12,AO9,$L$7:$L$12) + SUMIF($N$7:$N$12,AO9,$M$7:$M$12) -> 0 | AS9: =SUMIF($K$7:$K$12,AO9,$M$7:$M$12) + SUMIF($N$7:$N$12,AO9,$L$7:$L$12) -> 0 | AV9: =AO9 -> Haití | AW9: =IF(AZ9=AZ10,AV10,IF(AZ9=AZ7,AV7,IF(AZ9=AZ8,AV8,""))) -> Escocia | AX9: =IF(AW9="","",IFERROR(VLOOKUP(CONCATENATE(AV9,"_",AW9),$AI$7:$AL$16,4,FALSE),VLOOKUP(CONCATENATE(AW9,"_",AV9),$AI$7:$AL$16,4,FALSE))) -> SIN GANADOR | AY9: =IF(AX9="",1,IF(AX9=AV9,1,0)) -> 0 | AZ9: =-AP9*10000000 - AQ9*10000 - AR9*100 -> -30000000 | BA9: =AZ9-AY9*10 -> -30000000 | BB9: =BA9+N25 -> -29999997
B10: 3 | C10: =IFERROR(VLOOKUP($B10,$AN$7:$AS$11,C$5,FALSE),"") -> Haití | D10: =IFERROR(VLOOKUP($B10,$AN$7:$AS$11,D$5,FALSE),"") -> 3 | E10: =IFERROR(VLOOKUP($B10,$AN$7:$AS$11,E$5,FALSE),"") -> 0 | F10: =IFERROR(VLOOKUP($B10,$AN$7:$AS$11,F$5,FALSE),"") -> 0 | G10: =IFERROR(VLOOKUP($B10,$AN$7:$AS$11,G$5,FALSE),"") -> 0 | I10: 31 | J10: 46192 | K10: Brasil | N10: Haití | AG10: =IF(OR(L10="",M10=""),1,0) -> 1 | AI10: =CONCATENATE(K10,"_",N10) -> Brasil_Haití | AJ10: =IF(L10>M10,3,IF(L10<M10,0,1)) -> 1 | AK10: =IF(AJ10=3,0,IF(AJ10=1,1,3)) -> 1 | AL10: =IF(AJ10>AK10,K10,IF(AK10>AJ10,N10,"SIN GANADOR")) -> SIN GANADOR | AN10: =_xlfn.RANK.EQ(BB10,BB$7:BB$11,1) -> 4 | AO10: =J26 -> Escocia | AP10: =SUMIF($K$7:$K$12,AO10,$AJ$7:$AJ$12) + SUMIF($N$7:$N$12,AO10,$AK$7:$AK$12) -> 3 | AQ10: =AR10-AS10 -> 0 | AR10: =SUMIF($K$7:$K$12,AO10,$L$7:$L$12) + SUMIF($N$7:$N$12,AO10,$M$7:$M$12) -> 0 | AS10: =SUMIF($K$7:$K$12,AO10,$M$7:$M$12) + SUMIF($N$7:$N$12,AO10,$L$7:$L$12) -> 0 | AV10: =AO10 -> Escocia | AW10: =IF(AZ10=AZ7,AV7,IF(AZ10=AZ8,AV8,IF(AZ10=AZ9,AV9,""))) -> Brasil | AX10: =IF(AW10="","",IFERROR(VLOOKUP(CONCATENATE(AV10,"_",AW10),$AI$7:$AL$16,4,FALSE),VLOOKUP(CONCATENATE(AW10,"_",AV10),$AI$7:$AL$16,4,FALSE))) -> SIN GANADOR | AY10: =IF(AX10="",1,IF(AX10=AV10,1,0)) -> 0 | AZ10: =-AP10*10000000 - AQ10*10000 - AR10*100 -> -30000000 | BA10: =AZ10-AY10*10 -> -30000000 | BB10: =BA10+N26 -> -29999996
B11: 4 | C11: =IFERROR(VLOOKUP($B11,$AN$7:$AS$11,C$5,FALSE),"") -> Escocia | D11: =IFERROR(VLOOKUP($B11,$AN$7:$AS$11,D$5,FALSE),"") -> 3 | E11: =IFERROR(VLOOKUP($B11,$AN$7:$AS$11,E$5,FALSE),"") -> 0 | F11: =IFERROR(VLOOKUP($B11,$AN$7:$AS$11,F$5,FALSE),"") -> 0 | G11: =IFERROR(VLOOKUP($B11,$AN$7:$AS$11,G$5,FALSE),"") -> 0 | I11: 51 | J11: 46197 | K11: Brasil | N11: Escocia | AG11: =IF(OR(L11="",M11=""),1,0) -> 1 | AI11: =CONCATENATE(K11,"_",N11) -> Brasil_Escocia | AJ11: =IF(L11>M11,3,IF(L11<M11,0,1)) -> 1 | AK11: =IF(AJ11=3,0,IF(AJ11=1,1,3)) -> 1 | AL11: =IF(AJ11>AK11,K11,IF(AK11>AJ11,N11,"SIN GANADOR")) -> SIN GANADOR
I12: 52 | J12: 46197 | K12: Marruecos | N12: Haití | AG12: =IF(OR(L12="",M12=""),1,0) -> 1 | AI12: =CONCATENATE(K12,"_",N12) -> Marruecos_Haití | AJ12: =IF(L12>M12,3,IF(L12<M12,0,1)) -> 1 | AK12: =IF(AJ12=3,0,IF(AJ12=1,1,3)) -> 1 | AL12: =IF(AJ12>AK12,K12,IF(AK12>AJ12,N12,"SIN GANADOR")) -> SIN GANADOR
AG13: =IF(SUM(AG7:AG12)>0,1,0) -> 1
B22: El recuadro de la derecha sirve para desempatar, en caso de que haya empate entre | I22: 1 | J22: Escoja por prioridad los siguientes equipos:
B23: uno o más equipos en todos los criterios considerados. | I23: =IF(J23="",0,1) -> 1 | J23: Brasil | M23: 1 | N23: =IF(J23="",0,M23) -> 1
B24: Para utilizarlo, asigne una prioridad entre 1 y 5 (siendo más bajo mejor) a cada equipo. | I24: =IF(J24="",0,1) -> 1 | J24: Marruecos | M24: 2 | N24: =IF(J24="",0,M24) -> 2
B25: Puede pensarlo como el lugar que quedarían en la tabla de posiciones. | I25: =IF(J25="",0,1) -> 1 | J25: Haití | M25: 3 | N25: =IF(J25="",0,M25) -> 3
B26: A modo de ejemplo, si su predicción es que todos los partidos terminan 0-0, el orden | I26: =IF(J26="",0,1) -> 1 | J26: Escocia | M26: 4 | N26: =IF(J26="",0,M26) -> 4
B27: asignado en este recuadro es el que finalmente quedará en la tabla de posiciones. | N27: =IF(J27="",0,M27) -> 0

Sheet GRUPO D
B3: GRUPO D
C5: 2 | D5: 3 | E5: 5 | F5: 6 | G5: 4
B6: Tabla de Posiciones | J6: Fecha | K6: Partidos | AJ6: 1 | AK6: 2 | AL6: Ganador | AN6: Orden | AO6: Equipo | AP6: Puntos | AQ6: DG | AR6: GF | AS6: GC | AV6: Equipo | AW6: Empatado Con | AX6: Ganador | AY6: Ganador? | AZ6: Formula Rank | BA6: Formula Rank Con Duelo Directo | BB6: Formula Rank Con Prioridad
B7: Posición | C7: Equipo | D7: Puntos | E7: GF | F7: GC | G7: DG | I7: 4 | J7: 46185 | K7: USA | N7: Paraguay | AG7: =IF(OR(L7="",M7=""),1,0) -> 1 | AI7: =CONCATENATE(K7,"_",N7) -> USA_Paraguay | AJ7: =IF(L7>M7,3,IF(L7<M7,0,1)) -> 1 | AK7: =IF(AJ7=3,0,IF(AJ7=1,1,3)) -> 1 | AL7: =IF(AJ7>AK7,K7,IF(AK7>AJ7,N7,"SIN GANADOR")) -> SIN GANADOR | AN7: =_xlfn.RANK.EQ(BB7,BB$7:BB$11,1) -> 1 | AO7: =J23 -> USA | AP7: =SUMIF($K$7:$K$12,AO7,$AJ$7:$AJ$12) + SUMIF($N$7:$N$12,AO7,$AK$7:$AK$12) -> 3 | AQ7: =AR7-AS7 -> 0 | AR7: =SUMIF($K$7:$K$12,AO7,$L$7:$L$12) + SUMIF($N$7:$N$12,AO7,$M$7:$M$12) -> 0 | AS7: =SUMIF($K$7:$K$12,AO7,$M$7:$M$12) + SUMIF($N$7:$N$12,AO7,$L$7:$L$12) -> 0 | AV7: =AO7 -> USA | AW7: =IF(AZ7=AZ8,AV8,IF(AZ7=AZ9,AV9,IF(AZ7=AZ10,AV10,""))) -> Paraguay | AX7: =IF(AW7="","",IFERROR(VLOOKUP(CONCATENATE(AV7,"_",AW7),$AI$7:$AL$16,4,FALSE),VLOOKUP(CONCATENATE(AW7,"_",AV7),$AI$7:$AL$16,4,FALSE))) -> SIN GANADOR | AY7: =IF(AX7="",1,IF(AX7=AV7,1,0)) -> 0 | AZ7: =-AP7*10000000 - AQ7*10000 - AR7*100 -> -30000000 | BA7: =AZ7-AY7*10 -> -30000000 | BB7: =BA7+N23 -> -29999999
B8: 1 | C8: =IFERROR(VLOOKUP($B8,$AN$7:$AS$11,C$5,FALSE),"") -> USA | D8: =IFERROR(VLOOKUP($B8,$AN$7:$AS$11,D$5,FALSE),"") -> 3 | E8: =IFERROR(VLOOKUP($B8,$AN$7:$AS$11,E$5,FALSE),"") -> 0 | F8: =IFERROR(VLOOKUP($B8,$AN$7:$AS$11,F$5,FALSE),"") -> 0 | G8: =IFERROR(VLOOKUP($B8,$AN$7:$AS$11,G$5,FALSE),"") -> 0 | I8: 8 | J8: 46186 | K8: Australia | N8: Turquía | AG8: =IF(OR(L8="",M8=""),1,0) -> 1 | AI8: =CONCATENATE(K8,"_",N8) -> Australia_Turquía | AJ8: =IF(L8>M8,3,IF(L8<M8,0,1)) -> 1 | AK8: =IF(AJ8=3,0,IF(AJ8=1,1,3)) -> 1 | AL8: =IF(AJ8>AK8,K8,IF(AK8>AJ8,N8,"SIN GANADOR")) -> SIN GANADOR | AN8: =_xlfn.RANK.EQ(BB8,BB$7:BB$11,1) -> 2 | AO8: =J24 -> Paraguay | AP8: =SUMIF($K$7:$K$12,AO8,$AJ$7:$AJ$12) + SUMIF($N$7:$N$12,AO8,$AK$7:$AK$12) -> 3 | AQ8: =AR8-AS8 -> 0 | AR8: =SUMIF($K$7:$K$12,AO8,$L$7:$L$12) + SUMIF($N$7:$N$12,AO8,$M$7:$M$12) -> 0 | AS8: =SUMIF($K$7:$K$12,AO8,$M$7:$M$12) + SUMIF($N$7:$N$12,AO8,$L$7:$L$12) -> 0 | AV8: =AO8 -> Paraguay | AW8: =IF(AZ8=AZ9,AV9,IF(AZ8=AZ10,AV10,IF(AZ8=AZ7,AV7,""))) -> Australia | AX8: =IF(AW8="","",IFERROR(VLOOKUP(CONCATENATE(AV8,"_",AW8),$AI$7:$AL$16,4,FALSE),VLOOKUP(CONCATENATE(AW8,"_",AV8),$AI$7:$AL$16,4,FALSE))) -> SIN GANADOR | AY8: =IF(AX8="",1,IF(AX8=AV8,1,0)) -> 0 | AZ8: =-AP8*10000000 - AQ8*10000 - AR8*100 -> -30000000 | BA8: =AZ8-AY8*10 -> -30000000 | BB8: =BA8+N24 -> -29999998
B9: 2 | C9: =IFERROR(VLOOKUP($B9,$AN$7:$AS$11,C$5,FALSE),"") -> Paraguay | D9: =IFERROR(VLOOKUP($B9,$AN$7:$AS$11,D$5,FALSE),"") -> 3 | E9: =IFERROR(VLOOKUP($B9,$AN$7:$AS$11,E$5,FALSE),"") -> 0 | F9: =IFERROR(VLOOKUP($B9,$AN$7:$AS$11,F$5,FALSE),"") -> 0 | G9: =IFERROR(VLOOKUP($B9,$AN$7:$AS$11,G$5,FALSE),"") -> 0 | I9: 29 | J9: 46192 | K9: USA | N9: Australia | AG9: =IF(OR(L9="",M9=""),1,0) -> 1 | AI9: =CONCATENATE(K9,"_",N9) -> USA_Australia | AJ9: =IF(L9>M9,3,IF(L9<M9,0,1)) -> 1 | AK9: =IF(AJ9=3,0,IF(AJ9=1,1,3)) -> 1 | AL9: =IF(AJ9>AK9,K9,IF(AK9>AJ9,N9,"SIN GANADOR")) -> SIN GANADOR | AN9: =_xlfn.RANK.EQ(BB9,BB$7:BB$11,1) -> 3 | AO9: =J25 -> Australia | AP9: =SUMIF($K$7:$K$12,AO9,$AJ$7:$AJ$12) + SUMIF($N$7:$N$12,AO9,$AK$7:$AK$12) -> 3 | AQ9: =AR9-AS9 -> 0 | AR9: =SUMIF($K$7:$K$12,AO9,$L$7:$L$12) + SUMIF($N$7:$N$12,AO9,$M$7:$M$12) -> 0 | AS9: =SUMIF($K$7:$K$12,AO9,$M$7:$M$12) + SUMIF($N$7:$N$12,AO9,$L$7:$L$12) -> 0 | AV9: =AO9 -> Australia | AW9: =IF(AZ9=AZ10,AV10,IF(AZ9=AZ7,AV7,IF(AZ9=AZ8,AV8,""))) -> Turquía | AX9: =IF(AW9="","",IFERROR(VLOOKUP(CONCATENATE(AV9,"_",AW9),$AI$7:$AL$16,4,FALSE),VLOOKUP(CONCATENATE(AW9,"_",AV9),$AI$7:$AL$16,4,FALSE))) -> SIN GANADOR | AY9: =IF(AX9="",1,IF(AX9=AV9,1,0)) -> 0 | AZ9: =-AP9*10000000 - AQ9*10000 - AR9*100 -> -30000000 | BA9: =AZ9-AY9*10 -> -30000000 | BB9: =BA9+N25 -> -29999997
B10: 3 | C10: =IFERROR(VLOOKUP($B10,$AN$7:$AS$11,C$5,FALSE),"") -> Australia | D10: =IFERROR(VLOOKUP($B10,$AN$7:$AS$11,D$5,FALSE),"") -> 3 | E10: =IFERROR(VLOOKUP($B10,$AN$7:$AS$11,E$5,FALSE),"") -> 0 | F10: =IFERROR(VLOOKUP($B10,$AN$7:$AS$11,F$5,FALSE),"") -> 0 | G10: =IFERROR(VLOOKUP($B10,$AN$7:$AS$11,G$5,FALSE),"") -> 0 | I10: 32 | J10: 46192 | K10: Turquía | N10: Paraguay | AG10: =IF(OR(L10="",M10=""),1,0) -> 1 | AI10: =CONCATENATE(K10,"_",N10) -> Turquía_Paraguay | AJ10: =IF(L10>M10,3,IF(L10<M10,0,1)) -> 1 | AK10: =IF(AJ10=3,0,IF(AJ10=1,1,3)) -> 1 | AL10: =IF(AJ10>AK10,K10,IF(AK10>AJ10,N10,"SIN GANADOR")) -> SIN GANADOR | AN10: =_xlfn.RANK.EQ(BB10,BB$7:BB$11,1) -> 4 | AO10: =J26 -> Turquía | AP10: =SUMIF($K$7:$K$12,AO10,$AJ$7:$AJ$12) + SUMIF($N$7:$N$12,AO10,$AK$7:$AK$12) -> 3 | AQ10: =AR10-AS10 -> 0 | AR10: =SUMIF($K$7:$K$12,AO10,$L$7:$L$12) + SUMIF($N$7:$N$12,AO10,$M$7:$M$12) -> 0 | AS10: =SUMIF($K$7:$K$12,AO10,$M$7:$M$12) + SUMIF($N$7:$N$12,AO10,$L$7:$L$12) -> 0 | AV10: =AO10 -> Turquía | AW10: =IF(AZ10=AZ7,AV7,IF(AZ10=AZ8,AV8,IF(AZ10=AZ9,AV9,""))) -> USA | AX10: =IF(AW10="","",IFERROR(VLOOKUP(CONCATENATE(AV10,"_",AW10),$AI$7:$AL$16,4,FALSE),VLOOKUP(CONCATENATE(AW10,"_",AV10),$AI$7:$AL$16,4,FALSE))) -> SIN GANADOR | AY10: =IF(AX10="",1,IF(AX10=AV10,1,0)) -> 0 | AZ10: =-AP10*10000000 - AQ10*10000 - AR10*100 -> -30000000 | BA10: =AZ10-AY10*10 -> -30000000 | BB10: =BA10+N26 -> -29999996
B11: 4 | C11: =IFERROR(VLOOKUP($B11,$AN$7:$AS$11,C$5,FALSE),"") -> Turquía | D11: =IFERROR(VLOOKUP($B11,$AN$7:$AS$11,D$5,FALSE),"") -> 3 | E11: =IFERROR(VLOOKUP($B11,$AN$7:$AS$11,E$5,FALSE),"") -> 0 | F11: =IFERROR(VLOOKUP($B11,$AN$7:$AS$11,F$5,FALSE),"") -> 0 | G11: =IFERROR(VLOOKUP($B11,$AN$7:$AS$11,G$5,FALSE),"") -> 0 | I11: 59 | J11: 46198 | K11: Turquía | N11: USA | AG11: =IF(OR(L11="",M11=""),1,0) -> 1 | AI11: =CONCATENATE(K11,"_",N11) -> Turquía_USA | AJ11: =IF(L11>M11,3,IF(L11<M11,0,1)) -> 1 | AK11: =IF(AJ11=3,0,IF(AJ11=1,1,3)) -> 1 | AL11: =IF(AJ11>AK11,K11,IF(AK11>AJ11,N11,"SIN GANADOR")) -> SIN GANADOR
I12: 60 | J12: 46198 | K12: Paraguay | N12: Australia | AG12: =IF(OR(L12="",M12=""),1,0) -> 1 | AI12: =CONCATENATE(K12,"_",N12) -> Paraguay_Australia | AJ12: =IF(L12>M12,3,IF(L12<M12,0,1)) -> 1 | AK12: =IF(AJ12=3,0,IF(AJ12=1,1,3)) -> 1 | AL12: =IF(AJ12>AK12,K12,IF(AK12>AJ12,N12,"SIN GANADOR")) -> SIN GANADOR
AG13: =IF(SUM(AG7:AG12)>0,1,0) -> 1
B22: El recuadro de la derecha sirve para desempatar, en caso de que haya empate entre | I22: 1 | J22: Escoja por prioridad los siguientes equipos:
B23: uno o más equipos en todos los criterios considerados. | I23: =IF(J23="",0,1) -> 1 | J23: USA | M23: 1 | N23: =IF(J23="",0,M23) -> 1
B24: Para utilizarlo, asigne una prioridad entre 1 y 5 (siendo más bajo mejor) a cada equipo. | I24: =IF(J24="",0,1) -> 1 | J24: Paraguay | M24: 2 | N24: =IF(J24="",0,M24) -> 2
B25: Puede pensarlo como el lugar que quedarían en la tabla de posiciones. | I25: =IF(J25="",0,1) -> 1 | J25: Australia | M25: 3 | N25: =IF(J25="",0,M25) -> 3
B26: A modo de ejemplo, si su predicción es que todos los partidos terminan 0-0, el orden | I26: =IF(J26="",0,1) -> 1 | J26: Turquía | M26: 4 | N26: =IF(J26="",0,M26) -> 4
B27: asignado en este recuadro es el que finalmente quedará en la tabla de posiciones. | N27: =IF(J27="",0,M27) -> 0

Sheet GRUPO E
B3: GRUPO E
C5: 2 | D5: 3 | E5: 5 | F5: 6 | G5: 4
B6: Tabla de Posiciones | J6: Fecha | K6: Partidos | AJ6: 1 | AK6: 2 | AL6: Ganador | AN6: Orden | AO6: Equipo | AP6: Puntos | AQ6: DG | AR6: GF | AS6: GC | AV6: Equipo | AW6: Empatado Con | AX6: Ganador | AY6: Ganador? | AZ6: Formula Rank | BA6: Formula Rank Con Duelo Directo | BB6: Formula Rank Con Prioridad
B7: Posición | C7: Equipo | D7: Puntos | E7: GF | F7: GC | G7: DG | I7: 9 | J7: 46187 | K7: Alemania | N7: Curazao | AG7: =IF(OR(L7="",M7=""),1,0) -> 1 | AI7: =CONCATENATE(K7,"_",N7) -> Alemania_Curazao | AJ7: =IF(L7>M7,3,IF(L7<M7,0,1)) -> 1 | AK7: =IF(AJ7=3,0,IF(AJ7=1,1,3)) -> 1 | AL7: =IF(AJ7>AK7,K7,IF(AK7>AJ7,N7,"SIN GANADOR")) -> SIN GANADOR | AN7: =_xlfn.RANK.EQ(BB7,BB$7:BB$11,1) -> 1 | AO7: =J23 -> Alemania | AP7: =SUMIF($K$7:$K$12,AO7,$AJ$7:$AJ$12) + SUMIF($N$7:$N$12,AO7,$AK$7:$AK$12) -> 3 | AQ7: =AR7-AS7 -> 0 | AR7: =SUMIF($K$7:$K$12,AO7,$L$7:$L$12) + SUMIF($N$7:$N$12,AO7,$M$7:$M$12) -> 0 | AS7: =SUMIF($K$7:$K$12,AO7,$M$7:$M$12) + SUMIF($N$7:$N$12,AO7,$L$7:$L$12) -> 0 | AV7: =AO7 -> Alemania | AW7: =IF(AZ7=AZ8,AV8,IF(AZ7=AZ9,AV9,IF(AZ7=AZ10,AV10,""))) -> Curazao | AX7: =IF(AW7="","",IFERROR(VLOOKUP(CONCATENATE(AV7,"_",AW7),$AI$7:$AL$16,4,FALSE),VLOOKUP(CONCATENATE(AW7,"_",AV7),$AI$7:$AL$16,4,FALSE))) -> SIN GANADOR | AY7: =IF(AX7="",1,IF(AX7=AV7,1,0)) -> 0 | AZ7: =-AP7*10000000 - AQ7*10000 - AR7*100 -> -30000000 | BA7: =AZ7-AY7*10 -> -30000000 | BB7: =BA7+N23 -> -29999999
B8: 1 | C8: =IFERROR(VLOOKUP($B8,$AN$7:$AS$11,C$5,FALSE),"") -> Alemania | D8: =IFERROR(VLOOKUP($B8,$AN$7:$AS$11,D$5,FALSE),"") -> 3 | E8: =IFERROR(VLOOKUP($B8,$AN$7:$AS$11,E$5,FALSE),"") -> 0 | F8: =IFERROR(VLOOKUP($B8,$AN$7:$AS$11,F$5,FALSE),"") -> 0 | G8: =IFERROR(VLOOKUP($B8,$AN$7:$AS$11,G$5,FALSE),"") -> 0 | I8: 11 | J8: 46187 | K8: Costa de Marfil | N8: Ecuador | AG8: =IF(OR(L8="",M8=""),1,0) -> 1 | AI8: =CONCATENATE(K8,"_",N8) -> Costa de Marfil_Ecuador | AJ8: =IF(L8>M8,3,IF(L8<M8,0,1)) -> 1 | AK8: =IF(AJ8=3,0,IF(AJ8=1,1,3)) -> 1 | AL8: =IF(AJ8>AK8,K8,IF(AK8>AJ8,N8,"SIN GANADOR")) -> SIN GANADOR | AN8: =_xlfn.RANK.EQ(BB8,BB$7:BB$11,1) -> 2 | AO8: =J24 -> Curazao | AP8: =SUMIF($K$7:$K$12,AO8,$AJ$7:$AJ$12) + SUMIF($N$7:$N$12,AO8,$AK$7:$AK$12) -> 3 | AQ8: =AR8-AS8 -> 0 | AR8: =SUMIF($K$7:$K$12,AO8,$L$7:$L$12) + SUMIF($N$7:$N$12,AO8,$M$7:$M$12) -> 0 | AS8: =SUMIF($K$7:$K$12,AO8,$M$7:$M$12) + SUMIF($N$7:$N$12,AO8,$L$7:$L$12) -> 0 | AV8: =AO8 -> Curazao | AW8: =IF(AZ8=AZ9,AV9,IF(AZ8=AZ10,AV10,IF(AZ8=AZ7,AV7,""))) -> Costa de Marfil | AX8: =IF(AW8="","",IFERROR(VLOOKUP(CONCATENATE(AV8,"_",AW8),$AI$7:$AL$16,4,FALSE),VLOOKUP(CONCATENATE(AW8,"_",AV8),$AI$7:$AL$16,4,FALSE))) -> SIN GANADOR | AY8: =IF(AX8="",1,IF(AX8=AV8,1,0)) -> 0 | AZ8: =-AP8*10000000 - AQ8*10000 - AR8*100 -> -30000000 | BA8: =AZ8-AY8*10 -> -30000000 | BB8: =BA8+N24 -> -29999998
B9: 2 | C9: =IFERROR(VLOOKUP($B9,$AN$7:$AS$11,C$5,FALSE),"") -> Curazao | D9: =IFERROR(VLOOKUP($B9,$AN$7:$AS$11,D$5,FALSE),"") -> 3 | E9: =IFERROR(VLOOKUP($B9,$AN$7:$AS$11,E$5,FALSE),"") -> 0 | F9: =IFERROR(VLOOKUP($B9,$AN$7:$AS$11,F$5,FALSE),"") -> 0 | G9: =IFERROR(VLOOKUP($B9,$AN$7:$AS$11,G$5,FALSE),"") -> 0 | I9: 34 | J9: 46193 | K9: Alemania | N9: Costa de Marfil | AG9: =IF(OR(L9="",M9=""),1,0) -> 1 | AI9: =CONCATENATE(K9,"_",N9) -> Alemania_Costa de Marfil | AJ9: =IF(L9>M9,3,IF(L9<M9,0,1)) -> 1 | AK9: =IF(AJ9=3,0,IF(AJ9=1,1,3)) -> 1 | AL9: =IF(AJ9>AK9,K9,IF(AK9>AJ9,N9,"SIN GANADOR")) -> SIN GANADOR | AN9: =_xlfn.RANK.EQ(BB9,BB$7:BB$11,1) -> 3 | AO9: =J25 -> Costa de Marfil | AP9: =SUMIF($K$7:$K$12,AO9,$AJ$7:$AJ$12) + SUMIF($N$7:$N$12,AO9,$AK$7:$AK$12) -> 3 | AQ9: =AR9-AS9 -> 0 | AR9: =SUMIF($K$7:$K$12,AO9,$L$7:$L$12) + SUMIF($N$7:$N$12,AO9,$M$7:$M$12) -> 0 | AS9: =SUMIF($K$7:$K$12,AO9,$M$7:$M$12) + SUMIF($N$7:$N$12,AO9,$L$7:$L$12) -> 0 | AV9: =AO9 -> Costa de Marfil | AW9: =IF(AZ9=AZ10,AV10,IF(AZ9=AZ7,AV7,IF(AZ9=AZ8,AV8,""))) -> Ecuador | AX9: =IF(AW9="","",IFERROR(VLOOKUP(CONCATENATE(AV9,"_",AW9),$AI$7:$AL$16,4,FALSE),VLOOKUP(CONCATENATE(AW9,"_",AV9),$AI$7:$AL$16,4,FALSE))) -> SIN GANADOR | AY9: =IF(AX9="",1,IF(AX9=AV9,1,0)) -> 0 | AZ9: =-AP9*10000000 - AQ9*10000 - AR9*100 -> -30000000 | BA9: =AZ9-AY9*10 -> -30000000 | BB9: =BA9+N25 -> -29999997
B10: 3 | C10: =IFERROR(VLOOKUP($B10,$AN$7:$AS$11,C$5,FALSE),"") -> Costa de Marfil | D10: =IFERROR(VLOOKUP($B10,$AN$7:$AS$11,D$5,FALSE),"") -> 3 | E10: =IFERROR(VLOOKUP($B10,$AN$7:$AS$11,E$5,FALSE),"") -> 0 | F10: =IFERROR(VLOOKUP($B10,$AN$7:$AS$11,F$5,FALSE),"") -> 0 | G10: =IFERROR(VLOOKUP($B10,$AN$7:$AS$11,G$5,FALSE),"") -> 0 | I10: 35 | J10: 46193 | K10: Ecuador | N10: Curazao | AG10: =IF(OR(L10="",M10=""),1,0) -> 1 | AI10: =CONCATENATE(K10,"_",N10) -> Ecuador_Curazao | AJ10: =IF(L10>M10,3,IF(L10<M10,0,1)) -> 1 | AK10: =IF(AJ10=3,0,IF(AJ10=1,1,3)) -> 1 | AL10: =IF(AJ10>AK10,K10,IF(AK10>AJ10,N10,"SIN GANADOR")) -> SIN GANADOR | AN10: =_xlfn.RANK.EQ(BB10,BB$7:BB$11,1) -> 4 | AO10: =J26 -> Ecuador | AP10: =SUMIF($K$7:$K$12,AO10,$AJ$7:$AJ$12) + SUMIF($N$7:$N$12,AO10,$AK$7:$AK$12) -> 3 | AQ10: =AR10-AS10 -> 0 | AR10: =SUMIF($K$7:$K$12,AO10,$L$7:$L$12) + SUMIF($N$7:$N$12,AO10,$M$7:$M$12) -> 0 | AS10: =SUMIF($K$7:$K$12,AO10,$M$7:$M$12) + SUMIF($N$7:$N$12,AO10,$L$7:$L$12) -> 0 | AV10: =AO10 -> Ecuador | AW10: =IF(AZ10=AZ7,AV7,IF(AZ10=AZ8,AV8,IF(AZ10=AZ9,AV9,""))) -> Alemania | AX10: =IF(AW10="","",IFERROR(VLOOKUP(CONCATENATE(AV10,"_",AW10),$AI$7:$AL$16,4,FALSE),VLOOKUP(CONCATENATE(AW10,"_",AV10),$AI$7:$AL$16,4,FALSE))) -> SIN GANADOR | AY10: =IF(AX10="",1,IF(AX10=AV10,1,0)) -> 0 | AZ10: =-AP10*10000000 - AQ10*10000 - AR10*100 -> -30000000 | BA10: =AZ10-AY10*10 -> -30000000 | BB10: =BA10+N26 -> -29999996
B11: 4 | C11: =IFERROR(VLOOKUP($B11,$AN$7:$AS$11,C$5,FALSE),"") -> Ecuador | D11: =IFERROR(VLOOKUP($B11,$AN$7:$AS$11,D$5,FALSE),"") -> 3 | E11: =IFERROR(VLOOKUP($B11,$AN$7:$AS$11,E$5,FALSE),"") -> 0 | F11: =IFERROR(VLOOKUP($B11,$AN$7:$AS$11,F$5,FALSE),"") -> 0 | G11: =IFERROR(VLOOKUP($B11,$AN$7:$AS$11,G$5,FALSE),"") -> 0 | I11: 55 | J11: 46198 | K11: Curazao | N11: Costa de Marfil | AG11: =IF(OR(L11="",M11=""),1,0) -> 1 | AI11: =CONCATENATE(K11,"_",N11) -> Curazao_Costa de Marfil | AJ11: =IF(L11>M11,3,IF(L11<M11,0,1)) -> 1 | AK11: =IF(AJ11=3,0,IF(AJ11=1,1,3)) -> 1 | AL11: =IF(AJ11>AK11,K11,IF(AK11>AJ11,N11,"SIN GANADOR")) -> SIN GANADOR
I12: 56 | J12: 46198 | K12: Ecuador | N12: Alemania | AG12: =IF(OR(L12="",M12=""),1,0) -> 1 | AI12: =CONCATENATE(K12,"_",N12) -> Ecuador_Alemania | AJ12: =IF(L12>M12,3,IF(L12<M12,0,1)) -> 1 | AK12: =IF(AJ12=3,0,IF(AJ12=1,1,3)) -> 1 | AL12: =IF(AJ12>AK12,K12,IF(AK12>AJ12,N12,"SIN GANADOR")) -> SIN GANADOR
AG13: =IF(SUM(AG7:AG12)>0,1,0) -> 1
B22: El recuadro de la derecha sirve para desempatar, en caso de que haya empate entre | I22: 1 | J22: Escoja por prioridad los siguientes equipos:
B23: uno o más equipos en todos los criterios considerados. | I23: =IF(J23="",0,1) -> 1 | J23: Alemania | M23: 1 | N23: =IF(J23="",0,M23) -> 1
B24: Para utilizarlo, asigne una prioridad entre 1 y 5 (siendo más bajo mejor) a cada equipo. | I24: =IF(J24="",0,1) -> 1 | J24: Curazao | M24: 2 | N24: =IF(J24="",0,M24) -> 2
B25: Puede pensarlo como el lugar que quedarían en la tabla de posiciones. | I25: =IF(J25="",0,1) -> 1 | J25: Costa de Marfil | M25: 3 | N25: =IF(J25="",0,M25) -> 3
B26: A modo de ejemplo, si su predicción es que todos los partidos terminan 0-0, el orden | I26: =IF(J26="",0,1) -> 1 | J26: Ecuador | M26: 4 | N26: =IF(J26="",0,M26) -> 4
B27: asignado en este recuadro es el que finalmente quedará en la tabla de posiciones. | N27: =IF(J27="",0,M27) -> 0

Sheet GRUPO F
B3: GRUPO F
C5: 2 | D5: 3 | E5: 5 | F5: 6 | G5: 4
B6: Tabla de Posiciones | J6: Fecha | K6: Partidos | AJ6: 1 | AK6: 2 | AL6: Ganador | AN6: Orden | AO6: Equipo | AP6: Puntos | AQ6: DG | AR6: GF | AS6: GC | AV6: Equipo | AW6: Empatado Con | AX6: Ganador | AY6: Ganador? | AZ6: Formula Rank | BA6: Formula Rank Con Duelo Directo | BB6: Formula Rank Con Prioridad
B7: Posición | C7: Equipo | D7: Puntos | E7: GF | F7: GC | G7: DG | I7: 10 | J7: 46187 | K7: Países Bajos | N7: Japón | AG7: =IF(OR(L7="",M7=""),1,0) -> 1 | AI7: =CONCATENATE(K7,"_",N7) -> Países Bajos_Japón | AJ7: =IF(L7>M7,3,IF(L7<M7,0,1)) -> 1 | AK7: =IF(AJ7=3,0,IF(AJ7=1,1,3)) -> 1 | AL7: =IF(AJ7>AK7,K7,IF(AK7>AJ7,N7,"SIN GANADOR")) -> SIN GANADOR | AN7: =_xlfn.RANK.EQ(BB7,BB$7:BB$11,1) -> 1 | AO7: =J23 -> Países Bajos | AP7: =SUMIF($K$7:$K$12,AO7,$AJ$7:$AJ$12) + SUMIF($N$7:$N$12,AO7,$AK$7:$AK$12) -> 3 | AQ7: =AR7-AS7 -> 0 | AR7: =SUMIF($K$7:$K$12,AO7,$L$7:$L$12) + SUMIF($N$7:$N$12,AO7,$M$7:$M$12) -> 0 | AS7: =SUMIF($K$7:$K$12,AO7,$M$7:$M$12) + SUMIF($N$7:$N$12,AO7,$L$7:$L$12) -> 0 | AV7: =AO7 -> Países Bajos | AW7: =IF(AZ7=AZ8,AV8,IF(AZ7=AZ9,AV9,IF(AZ7=AZ10,AV10,""))) -> Japón | AX7: =IF(AW7="","",IFERROR(VLOOKUP(CONCATENATE(AV7,"_",AW7),$AI$7:$AL$16,4,FALSE),VLOOKUP(CONCATENATE(AW7,"_",AV7),$AI$7:$AL$16,4,FALSE))) -> SIN GANADOR | AY7: =IF(AX7="",1,IF(AX7=AV7,1,0)) -> 0 | AZ7: =-AP7*10000000 - AQ7*10000 - AR7*100 -> -30000000 | BA7: =AZ7-AY7*10 -> -30000000 | BB7: =BA7+N23 -> -29999999
B8: 1 | C8: =IFERROR(VLOOKUP($B8,$AN$7:$AS$11,C$5,FALSE),"") -> Países Bajos | D8: =IFERROR(VLOOKUP($B8,$AN$7:$AS$11,D$5,FALSE),"") -> 3 | E8: =IFERROR(VLOOKUP($B8,$AN$7:$AS$11,E$5,FALSE),"") -> 0 | F8: =IFERROR(VLOOKUP($B8,$AN$7:$AS$11,F$5,FALSE),"") -> 0 | G8: =IFERROR(VLOOKUP($B8,$AN$7:$AS$11,G$5,FALSE),"") -> 0 | I8: 12 | J8: 46187 | K8: Suecia | N8: Túnez | AG8: =IF(OR(L8="",M8=""),1,0) -> 1 | AI8: =CONCATENATE(K8,"_",N8) -> Suecia_Túnez | AJ8: =IF(L8>M8,3,IF(L8<M8,0,1)) -> 1 | AK8: =IF(AJ8=3,0,IF(AJ8=1,1,3)) -> 1 | AL8: =IF(AJ8>AK8,K8,IF(AK8>AJ8,N8,"SIN GANADOR")) -> SIN GANADOR | AN8: =_xlfn.RANK.EQ(BB8,BB$7:BB$11,1) -> 2 | AO8: =J24 -> Japón | AP8: =SUMIF($K$7:$K$12,AO8,$AJ$7:$AJ$12) + SUMIF($N$7:$N$12,AO8,$AK$7:$AK$12) -> 3 | AQ8: =AR8-AS8 -> 0 | AR8: =SUMIF($K$7:$K$12,AO8,$L$7:$L$12) + SUMIF($N$7:$N$12,AO8,$M$7:$M$12) -> 0 | AS8: =SUMIF($K$7:$K$12,AO8,$M$7:$M$12) + SUMIF($N$7:$N$12,AO8,$L$7:$L$12) -> 0 | AV8: =AO8 -> Japón | AW8: =IF(AZ8=AZ9,AV9,IF(AZ8=AZ10,AV10,IF(AZ8=AZ7,AV7,""))) -> Suecia | AX8: =IF(AW8="","",IFERROR(VLOOKUP(CONCATENATE(AV8,"_",AW8),$AI$7:$AL$16,4,FALSE),VLOOKUP(CONCATENATE(AW8,"_",AV8),$AI$7:$AL$16,4,FALSE))) -> SIN GANADOR | AY8: =IF(AX8="",1,IF(AX8=AV8,1,0)) -> 0 | AZ8: =-AP8*10000000 - AQ8*10000 - AR8*100 -> -30000000 | BA8: =AZ8-AY8*10 -> -30000000 | BB8: =BA8+N24 -> -29999998
B9: 2 | C9: =IFERROR(VLOOKUP($B9,$AN$7:$AS$11,C$5,FALSE),"") -> Japón | D9: =IFERROR(VLOOKUP($B9,$AN$7:$AS$11,D$5,FALSE),"") -> 3 | E9: =IFERROR(VLOOKUP($B9,$AN$7:$AS$11,E$5,FALSE),"") -> 0 | F9: =IFERROR(VLOOKUP($B9,$AN$7:$AS$11,F$5,FALSE),"") -> 0 | G9: =IFERROR(VLOOKUP($B9,$AN$7:$AS$11,G$5,FALSE),"") -> 0 | I9: 33 | J9: 46193 | K9: Países Bajos | N9: Suecia | AG9: =IF(OR(L9="",M9=""),1,0) -> 1 | AI9: =CONCATENATE(K9,"_",N9) -> Países Bajos_Suecia | AJ9: =IF(L9>M9,3,IF(L9<M9,0,1)) -> 1 | AK9: =IF(AJ9=3,0,IF(AJ9=1,1,3)) -> 1 | AL9: =IF(AJ9>AK9,K9,IF(AK9>AJ9,N9,"SIN GANADOR")) -> SIN GANADOR | AN9: =_xlfn.RANK.EQ(BB9,BB$7:BB$11,1) -> 3 | AO9: =J25 -> Suecia | AP9: =SUMIF($K$7:$K$12,AO9,$AJ$7:$AJ$12) + SUMIF($N$7:$N$12,AO9,$AK$7:$AK$12) -> 3 | AQ9: =AR9-AS9 -> 0 | AR9: =SUMIF($K$7:$K$12,AO9,$L$7:$L$12) + SUMIF($N$7:$N$12,AO9,$M$7:$M$12) -> 0 | AS9: =SUMIF($K$7:$K$12,AO9,$M$7:$M$12) + SUMIF($N$7:$N$12,AO9,$L$7:$L$12) -> 0 | AV9: =AO9 -> Suecia | AW9: =IF(AZ9=AZ10,AV10,IF(AZ9=AZ7,AV7,IF(AZ9=AZ8,AV8,""))) -> Túnez | AX9: =IF(AW9="","",IFERROR(VLOOKUP(CONCATENATE(AV9,"_",AW9),$AI$7:$AL$16,4,FALSE),VLOOKUP(CONCATENATE(AW9,"_",AV9),$AI$7:$AL$16,4,FALSE))) -> SIN GANADOR | AY9: =IF(AX9="",1,IF(AX9=AV9,1,0)) -> 0 | AZ9: =-AP9*10000000 - AQ9*10000 - AR9*100 -> -30000000 | BA9: =AZ9-AY9*10 -> -30000000 | BB9: =BA9+N25 -> -29999997
B10: 3 | C10: =IFERROR(VLOOKUP($B10,$AN$7:$AS$11,C$5,FALSE),"") -> Suecia | D10: =IFERROR(VLOOKUP($B10,$AN$7:$AS$11,D$5,FALSE),"") -> 3 | E10: =IFERROR(VLOOKUP($B10,$AN$7:$AS$11,E$5,FALSE),"") -> 0 | F10: =IFERROR(VLOOKUP($B10,$AN$7:$AS$11,F$5,FALSE),"") -> 0 | G10: =IFERROR(VLOOKUP($B10,$AN$7:$AS$11,G$5,FALSE),"") -> 0 | I10: 36 | J10: 46193 | K10: Túnez | N10: Japón | AG10: =IF(OR(L10="",M10=""),1,0) -> 1 | AI10: =CONCATENATE(K10,"_",N10) -> Túnez_Japón | AJ10: =IF(L10>M10,3,IF(L10<M10,0,1)) -> 1 | AK10: =IF(AJ10=3,0,IF(AJ10=1,1,3)) -> 1 | AL10: =IF(AJ10>AK10,K10,IF(AK10>AJ10,N10,"SIN GANADOR")) -> SIN GANADOR | AN10: =_xlfn.RANK.EQ(BB10,BB$7:BB$11,1) -> 4 | AO10: =J26 -> Túnez | AP10: =SUMIF($K$7:$K$12,AO10,$AJ$7:$AJ$12) + SUMIF($N$7:$N$12,AO10,$AK$7:$AK$12) -> 3 | AQ10: =AR10-AS10 -> 0 | AR10: =SUMIF($K$7:$K$12,AO10,$L$7:$L$12) + SUMIF($N$7:$N$12,AO10,$M$7:$M$12) -> 0 | AS10: =SUMIF($K$7:$K$12,AO10,$M$7:$M$12) + SUMIF($N$7:$N$12,AO10,$L$7:$L$12) -> 0 | AV10: =AO10 -> Túnez | AW10: =IF(AZ10=AZ7,AV7,IF(AZ10=AZ8,AV8,IF(AZ10=AZ9,AV9,""))) -> Países Bajos | AX10: =IF(AW10="","",IFERROR(VLOOKUP(CONCATENATE(AV10,"_",AW10),$AI$7:$AL$16,4,FALSE),VLOOKUP(CONCATENATE(AW10,"_",AV10),$AI$7:$AL$16,4,FALSE))) -> SIN GANADOR | AY10: =IF(AX10="",1,IF(AX10=AV10,1,0)) -> 0 | AZ10: =-AP10*10000000 - AQ10*10000 - AR10*100 -> -30000000 | BA10: =AZ10-AY10*10 -> -30000000 | BB10: =BA10+N26 -> -29999996
B11: 4 | C11: =IFERROR(VLOOKUP($B11,$AN$7:$AS$11,C$5,FALSE),"") -> Túnez | D11: =IFERROR(VLOOKUP($B11,$AN$7:$AS$11,D$5,FALSE),"") -> 3 | E11: =IFERROR(VLOOKUP($B11,$AN$7:$AS$11,E$5,FALSE),"") -> 0 | F11: =IFERROR(VLOOKUP($B11,$AN$7:$AS$11,F$5,FALSE),"") -> 0 | G11: =IFERROR(VLOOKUP($B11,$AN$7:$AS$11,G$5,FALSE),"") -> 0 | I11: 57 | J11: 46198 | K11: Japón | N11: Suecia | AG11: =IF(OR(L11="",M11=""),1,0) -> 1 | AI11: =CONCATENATE(K11,"_",N11) -> Japón_Suecia | AJ11: =IF(L11>M11,3,IF(L11<M11,0,1)) -> 1 | AK11: =IF(AJ11=3,0,IF(AJ11=1,1,3)) -> 1 | AL11: =IF(AJ11>AK11,K11,IF(AK11>AJ11,N11,"SIN GANADOR")) -> SIN GANADOR
I12: 58 | J12: 46198 | K12: Túnez | N12: Países Bajos | AG12: =IF(OR(L12="",M12=""),1,0) -> 1 | AI12: =CONCATENATE(K12,"_",N12) -> Túnez_Países Bajos | AJ12: =IF(L12>M12,3,IF(L12<M12,0,1)) -> 1 | AK12: =IF(AJ12=3,0,IF(AJ12=1,1,3)) -> 1 | AL12: =IF(AJ12>AK12,K12,IF(AK12>AJ12,N12,"SIN GANADOR")) -> SIN GANADOR
AG13: =IF(SUM(AG7:AG12)>0,1,0) -> 1
B22: El recuadro de la derecha sirve para desempatar, en caso de que haya empate entre | I22: 1 | J22: Escoja por prioridad los siguientes equipos:
B23: uno o más equipos en todos los criterios considerados. | I23: =IF(J23="",0,1) -> 1 | J23: Países Bajos | M23: 1 | N23: =IF(J23="",0,M23) -> 1
B24: Para utilizarlo, asigne una prioridad entre 1 y 5 (siendo más bajo mejor) a cada equipo. | I24: =IF(J24="",0,1) -> 1 | J24: Japón | M24: 2 | N24: =IF(J24="",0,M24) -> 2
B25: Puede pensarlo como el lugar que quedarían en la tabla de posiciones. | I25: =IF(J25="",0,1) -> 1 | J25: Suecia | M25: 3 | N25: =IF(J25="",0,M25) -> 3
B26: A modo de ejemplo, si su predicción es que todos los partidos terminan 0-0, el orden | I26: =IF(J26="",0,1) -> 1 | J26: Túnez | M26: 4 | N26: =IF(J26="",0,M26) -> 4
B27: asignado en este recuadro es el que finalmente quedará en la tabla de posiciones. | N27: =IF(J27="",0,M27) -> 0

Sheet GRUPO G
B3: GRUPO G
C5: 2 | D5: 3 | E5: 5 | F5: 6 | G5: 4
B6: Tabla de Posiciones | J6: Fecha | K6: Partidos | AJ6: 1 | AK6: 2 | AL6: Ganador | AN6: Orden | AO6: Equipo | AP6: Puntos | AQ6: DG | AR6: GF | AS6: GC | AV6: Equipo | AW6: Empatado Con | AX6: Ganador | AY6: Ganador? | AZ6: Formula Rank | BA6: Formula Rank Con Duelo Directo | BB6: Formula Rank Con Prioridad
B7: Posición | C7: Equipo | D7: Puntos | E7: GF | F7: GC | G7: DG | I7: 14 | J7: 46188 | K7: Bélgica | N7: Egipto | AG7: =IF(OR(L7="",M7=""),1,0) -> 1 | AI7: =CONCATENATE(K7,"_",N7) -> Bélgica_Egipto | AJ7: =IF(L7>M7,3,IF(L7<M7,0,1)) -> 1 | AK7: =IF(AJ7=3,0,IF(AJ7=1,1,3)) -> 1 | AL7: =IF(AJ7>AK7,K7,IF(AK7>AJ7,N7,"SIN GANADOR")) -> SIN GANADOR | AN7: =_xlfn.RANK.EQ(BB7,BB$7:BB$11,1) -> 1 | AO7: =J23 -> Bélgica | AP7: =SUMIF($K$7:$K$12,AO7,$AJ$7:$AJ$12) + SUMIF($N$7:$N$12,AO7,$AK$7:$AK$12) -> 3 | AQ7: =AR7-AS7 -> 0 | AR7: =SUMIF($K$7:$K$12,AO7,$L$7:$L$12) + SUMIF($N$7:$N$12,AO7,$M$7:$M$12) -> 0 | AS7: =SUMIF($K$7:$K$12,AO7,$M$7:$M$12) + SUMIF($N$7:$N$12,AO7,$L$7:$L$12) -> 0 | AV7: =AO7 -> Bélgica | AW7: =IF(AZ7=AZ8,AV8,IF(AZ7=AZ9,AV9,IF(AZ7=AZ10,AV10,""))) -> Egipto | AX7: =IF(AW7="","",IFERROR(VLOOKUP(CONCATENATE(AV7,"_",AW7),$AI$7:$AL$16,4,FALSE),VLOOKUP(CONCATENATE(AW7,"_",AV7),$AI$7:$AL$16,4,FALSE))) -> SIN GANADOR | AY7: =IF(AX7="",1,IF(AX7=AV7,1,0)) -> 0 | AZ7: =-AP7*10000000 - AQ7*10000 - AR7*100 -> -30000000 | BA7: =AZ7-AY7*10 -> -30000000 | BB7: =BA7+N23 -> -29999999
B8: 1 | C8: =IFERROR(VLOOKUP($B8,$AN$7:$AS$11,C$5,FALSE),"") -> Bélgica | D8: =IFERROR(VLOOKUP($B8,$AN$7:$AS$11,D$5,FALSE),"") -> 3 | E8: =IFERROR(VLOOKUP($B8,$AN$7:$AS$11,E$5,FALSE),"") -> 0 | F8: =IFERROR(VLOOKUP($B8,$AN$7:$AS$11,F$5,FALSE),"") -> 0 | G8: =IFERROR(VLOOKUP($B8,$AN$7:$AS$11,G$5,FALSE),"") -> 0 | I8: 16 | J8: 46188 | K8: Irán | N8: Nueva Zelanda | AG8: =IF(OR(L8="",M8=""),1,0) -> 1 | AI8: =CONCATENATE(K8,"_",N8) -> Irán_Nueva Zelanda | AJ8: =IF(L8>M8,3,IF(L8<M8,0,1)) -> 1 | AK8: =IF(AJ8=3,0,IF(AJ8=1,1,3)) -> 1 | AL8: =IF(AJ8>AK8,K8,IF(AK8>AJ8,N8,"SIN GANADOR")) -> SIN GANADOR | AN8: =_xlfn.RANK.EQ(BB8,BB$7:BB$11,1) -> 2 | AO8: =J24 -> Egipto | AP8: =SUMIF($K$7:$K$12,AO8,$AJ$7:$AJ$12) + SUMIF($N$7:$N$12,AO8,$AK$7:$AK$12) -> 3 | AQ8: =AR8-AS8 -> 0 | AR8: =SUMIF($K$7:$K$12,AO8,$L$7:$L$12) + SUMIF($N$7:$N$12,AO8,$M$7:$M$12) -> 0 | AS8: =SUMIF($K$7:$K$12,AO8,$M$7:$M$12) + SUMIF($N$7:$N$12,AO8,$L$7:$L$12) -> 0 | AV8: =AO8 -> Egipto | AW8: =IF(AZ8=AZ9,AV9,IF(AZ8=AZ10,AV10,IF(AZ8=AZ7,AV7,""))) -> Irán | AX8: =IF(AW8="","",IFERROR(VLOOKUP(CONCATENATE(AV8,"_",AW8),$AI$7:$AL$16,4,FALSE),VLOOKUP(CONCATENATE(AW8,"_",AV8),$AI$7:$AL$16,4,FALSE))) -> SIN GANADOR | AY8: =IF(AX8="",1,IF(AX8=AV8,1,0)) -> 0 | AZ8: =-AP8*10000000 - AQ8*10000 - AR8*100 -> -30000000 | BA8: =AZ8-AY8*10 -> -30000000 | BB8: =BA8+N24 -> -29999998
B9: 2 | C9: =IFERROR(VLOOKUP($B9,$AN$7:$AS$11,C$5,FALSE),"") -> Egipto | D9: =IFERROR(VLOOKUP($B9,$AN$7:$AS$11,D$5,FALSE),"") -> 3 | E9: =IFERROR(VLOOKUP($B9,$AN$7:$AS$11,E$5,FALSE),"") -> 0 | F9: =IFERROR(VLOOKUP($B9,$AN$7:$AS$11,F$5,FALSE),"") -> 0 | G9: =IFERROR(VLOOKUP($B9,$AN$7:$AS$11,G$5,FALSE),"") -> 0 | I9: 38 | J9: 46194 | K9: Bélgica | N9: Irán | AG9: =IF(OR(L9="",M9=""),1,0) -> 1 | AI9: =CONCATENATE(K9,"_",N9) -> Bélgica_Irán | AJ9: =IF(L9>M9,3,IF(L9<M9,0,1)) -> 1 | AK9: =IF(AJ9=3,0,IF(AJ9=1,1,3)) -> 1 | AL9: =IF(AJ9>AK9,K9,IF(AK9>AJ9,N9,"SIN GANADOR")) -> SIN GANADOR | AN9: =_xlfn.RANK.EQ(BB9,BB$7:BB$11,1) -> 3 | AO9: =J25 -> Irán | AP9: =SUMIF($K$7:$K$12,AO9,$AJ$7:$AJ$12) + SUMIF($N$7:$N$12,AO9,$AK$7:$AK$12) -> 3 | AQ9: =AR9-AS9 -> 0 | AR9: =SUMIF($K$7:$K$12,AO9,$L$7:$L$12) + SUMIF($N$7:$N$12,AO9,$M$7:$M$12) -> 0 | AS9: =SUMIF($K$7:$K$12,AO9,$M$7:$M$12) + SUMIF($N$7:$N$12,AO9,$L$7:$L$12) -> 0 | AV9: =AO9 -> Irán | AW9: =IF(AZ9=AZ10,AV10,IF(AZ9=AZ7,AV7,IF(AZ9=AZ8,AV8,""))) -> Nueva Zelanda | AX9: =IF(AW9="","",IFERROR(VLOOKUP(CONCATENATE(AV9,"_",AW9),$AI$7:$AL$16,4,FALSE),VLOOKUP(CONCATENATE(AW9,"_",AV9),$AI$7:$AL$16,4,FALSE))) -> SIN GANADOR | AY9: =IF(AX9="",1,IF(AX9=AV9,1,0)) -> 0 | AZ9: =-AP9*10000000 - AQ9*10000 - AR9*100 -> -30000000 | BA9: =AZ9-AY9*10 -> -30000000 | BB9: =BA9+N25 -> -29999997
B10: 3 | C10: =IFERROR(VLOOKUP($B10,$AN$7:$AS$11,C$5,FALSE),"") -> Irán | D10: =IFERROR(VLOOKUP($B10,$AN$7:$AS$11,D$5,FALSE),"") -> 3 | E10: =IFERROR(VLOOKUP($B10,$AN$7:$AS$11,E$5,FALSE),"") -> 0 | F10: =IFERROR(VLOOKUP($B10,$AN$7:$AS$11,F$5,FALSE),"") -> 0 | G10: =IFERROR(VLOOKUP($B10,$AN$7:$AS$11,G$5,FALSE),"") -> 0 | I10: 39 | J10: 46194 | K10: Nueva Zelanda | N10: Egipto | AG10: =IF(OR(L10="",M10=""),1,0) -> 1 | AI10: =CONCATENATE(K10,"_",N10) -> Nueva Zelanda_Egipto | AJ10: =IF(L10>M10,3,IF(L10<M10,0,1)) -> 1 | AK10: =IF(AJ10=3,0,IF(AJ10=1,1,3)) -> 1 | AL10: =IF(AJ10>AK10,K10,IF(AK10>AJ10,N10,"SIN GANADOR")) -> SIN GANADOR | AN10: =_xlfn.RANK.EQ(BB10,BB$7:BB$11,1) -> 4 | AO10: =J26 -> Nueva Zelanda | AP10: =SUMIF($K$7:$K$12,AO10,$AJ$7:$AJ$12) + SUMIF($N$7:$N$12,AO10,$AK$7:$AK$12) -> 3 | AQ10: =AR10-AS10 -> 0 | AR10: =SUMIF($K$7:$K$12,AO10,$L$7:$L$12) + SUMIF($N$7:$N$12,AO10,$M$7:$M$12) -> 0 | AS10: =SUMIF($K$7:$K$12,AO10,$M$7:$M$12) + SUMIF($N$7:$N$12,AO10,$L$7:$L$12) -> 0 | AV10: =AO10 -> Nueva Zelanda | AW10: =IF(AZ10=AZ7,AV7,IF(AZ10=AZ8,AV8,IF(AZ10=AZ9,AV9,""))) -> Bélgica | AX10: =IF(AW10="","",IFERROR(VLOOKUP(CONCATENATE(AV10,"_",AW10),$AI$7:$AL$16,4,FALSE),VLOOKUP(CONCATENATE(AW10,"_",AV10),$AI$7:$AL$16,4,FALSE))) -> SIN GANADOR | AY10: =IF(AX10="",1,IF(AX10=AV10,1,0)) -> 0 | AZ10: =-AP10*10000000 - AQ10*10000 - AR10*100 -> -30000000 | BA10: =AZ10-AY10*10 -> -30000000 | BB10: =BA10+N26 -> -29999996
B11: 4 | C11: =IFERROR(VLOOKUP($B11,$AN$7:$AS$11,C$5,FALSE),"") -> Nueva Zelanda | D11: =IFERROR(VLOOKUP($B11,$AN$7:$AS$11,D$5,FALSE),"") -> 3 | E11: =IFERROR(VLOOKUP($B11,$AN$7:$AS$11,E$5,FALSE),"") -> 0 | F11: =IFERROR(VLOOKUP($B11,$AN$7:$AS$11,F$5,FALSE),"") -> 0 | G11: =IFERROR(VLOOKUP($B11,$AN$7:$AS$11,G$5,FALSE),"") -> 0 | I11: 65 | J11: 46199 | K11: Egipto | N11: Irán | AG11: =IF(OR(L11="",M11=""),1,0) -> 1 | AI11: =CONCATENATE(K11,"_",N11) -> Egipto_Irán | AJ11: =IF(L11>M11,3,IF(L11<M11,0,1)) -> 1 | AK11: =IF(AJ11=3,0,IF(AJ11=1,1,3)) -> 1 | AL11: =IF(AJ11>AK11,K11,IF(AK11>AJ11,N11,"SIN GANADOR")) -> SIN GANADOR
I12: 66 | J12: 46199 | K12: Nueva Zelanda | N12: Bélgica | AG12: =IF(OR(L12="",M12=""),1,0) -> 1 | AI12: =CONCATENATE(K12,"_",N12) -> Nueva Zelanda_Bélgica | AJ12: =IF(L12>M12,3,IF(L12<M12,0,1)) -> 1 | AK12: =IF(AJ12=3,0,IF(AJ12=1,1,3)) -> 1 | AL12: =IF(AJ12>AK12,K12,IF(AK12>AJ12,N12,"SIN GANADOR")) -> SIN GANADOR
AG13: =IF(SUM(AG7:AG12)>0,1,0) -> 1
B22: El recuadro de la derecha sirve para desempatar, en caso de que haya empate entre | I22: 1 | J22: Escoja por prioridad los siguientes equipos:
B23: uno o más equipos en todos los criterios considerados. | I23: =IF(J23="",0,1) -> 1 | J23: Bélgica | M23: 1 | N23: =IF(J23="",0,M23) -> 1
B24: Para utilizarlo, asigne una prioridad entre 1 y 5 (siendo más bajo mejor) a cada equipo. | I24: =IF(J24="",0,1) -> 1 | J24: Egipto | M24: 2 | N24: =IF(J24="",0,M24) -> 2
B25: Puede pensarlo como el lugar que quedarían en la tabla de posiciones. | I25: =IF(J25="",0,1) -> 1 | J25: Irán | M25: 3 | N25: =IF(J25="",0,M25) -> 3
B26: A modo de ejemplo, si su predicción es que todos los partidos terminan 0-0, el orden | I26: =IF(J26="",0,1) -> 1 | J26: Nueva Zelanda | M26: 4 | N26: =IF(J26="",0,M26) -> 4
B27: asignado en este recuadro es el que finalmente quedará en la tabla de posiciones. | N27: =IF(J27="",0,M27) -> 0

Sheet GRUPO H
B3: GRUPO H
C5: 2 | D5: 3 | E5: 5 | F5: 6 | G5: 4
B6: Tabla de Posiciones | J6: Fecha | K6: Partidos | AJ6: 1 | AK6: 2 | AL6: Ganador | AN6: Orden | AO6: Equipo | AP6: Puntos | AQ6: DG | AR6: GF | AS6: GC | AV6: Equipo | AW6: Empatado Con | AX6: Ganador | AY6: Ganador? | AZ6: Formula Rank | BA6: Formula Rank Con Duelo Directo | BB6: Formula Rank Con Prioridad
B7: Posición | C7: Equipo | D7: Puntos | E7: GF | F7: GC | G7: DG | I7: 13 | J7: 46188 | K7: España | N7: Cabo Verde | AG7: =IF(OR(L7="",M7=""),1,0) -> 1 | AI7: =CONCATENATE(K7,"_",N7) -> España_Cabo Verde | AJ7: =IF(L7>M7,3,IF(L7<M7,0,1)) -> 1 | AK7: =IF(AJ7=3,0,IF(AJ7=1,1,3)) -> 1 | AL7: =IF(AJ7>AK7,K7,IF(AK7>AJ7,N7,"SIN GANADOR")) -> SIN GANADOR | AN7: =_xlfn.RANK.EQ(BB7,BB$7:BB$11,1) -> 1 | AO7: =J23 -> España | AP7: =SUMIF($K$7:$K$12,AO7,$AJ$7:$AJ$12) + SUMIF($N$7:$N$12,AO7,$AK$7:$AK$12) -> 3 | AQ7: =AR7-AS7 -> 0 | AR7: =SUMIF($K$7:$K$12,AO7,$L$7:$L$12) + SUMIF($N$7:$N$12,AO7,$M$7:$M$12) -> 0 | AS7: =SUMIF($K$7:$K$12,AO7,$M$7:$M$12) + SUMIF($N$7:$N$12,AO7,$L$7:$L$12) -> 0 | AV7: =AO7 -> España | AW7: =IF(AZ7=AZ8,AV8,IF(AZ7=AZ9,AV9,IF(AZ7=AZ10,AV10,""))) -> Cabo Verde | AX7: =IF(AW7="","",IFERROR(VLOOKUP(CONCATENATE(AV7,"_",AW7),$AI$7:$AL$16,4,FALSE),VLOOKUP(CONCATENATE(AW7,"_",AV7),$AI$7:$AL$16,4,FALSE))) -> SIN GANADOR | AY7: =IF(AX7="",1,IF(AX7=AV7,1,0)) -> 0 | AZ7: =-AP7*10000000 - AQ7*10000 - AR7*100 -> -30000000 | BA7: =AZ7-AY7*10 -> -30000000 | BB7: =BA7+N23 -> -29999999
B8: 1 | C8: =IFERROR(VLOOKUP($B8,$AN$7:$AS$11,C$5,FALSE),"") -> España | D8: =IFERROR(VLOOKUP($B8,$AN$7:$AS$11,D$5,FALSE),"") -> 3 | E8: =IFERROR(VLOOKUP($B8,$AN$7:$AS$11,E$5,FALSE),"") -> 0 | F8: =IFERROR(VLOOKUP($B8,$AN$7:$AS$11,F$5,FALSE),"") -> 0 | G8: =IFERROR(VLOOKUP($B8,$AN$7:$AS$11,G$5,FALSE),"") -> 0 | I8: 15 | J8: 46188 | K8: Arabia Saudita | N8: Uruguay | AG8: =IF(OR(L8="",M8=""),1,0) -> 1 | AI8: =CONCATENATE(K8,"_",N8) -> Arabia Saudita_Uruguay | AJ8: =IF(L8>M8,3,IF(L8<M8,0,1)) -> 1 | AK8: =IF(AJ8=3,0,IF(AJ8=1,1,3)) -> 1 | AL8: =IF(AJ8>AK8,K8,IF(AK8>AJ8,N8,"SIN GANADOR")) -> SIN GANADOR | AN8: =_xlfn.RANK.EQ(BB8,BB$7:BB$11,1) -> 2 | AO8: =J24 -> Cabo Verde | AP8: =SUMIF($K$7:$K$12,AO8,$AJ$7:$AJ$12) + SUMIF($N$7:$N$12,AO8,$AK$7:$AK$12) -> 3 | AQ8: =AR8-AS8 -> 0 | AR8: =SUMIF($K$7:$K$12,AO8,$L$7:$L$12) + SUMIF($N$7:$N$12,AO8,$M$7:$M$12) -> 0 | AS8: =SUMIF($K$7:$K$12,AO8,$M$7:$M$12) + SUMIF($N$7:$N$12,AO8,$L$7:$L$12) -> 0 | AV8: =AO8 -> Cabo Verde | AW8: =IF(AZ8=AZ9,AV9,IF(AZ8=AZ10,AV10,IF(AZ8=AZ7,AV7,""))) -> Arabia Saudita | AX8: =IF(AW8="","",IFERROR(VLOOKUP(CONCATENATE(AV8,"_",AW8),$AI$7:$AL$16,4,FALSE),VLOOKUP(CONCATENATE(AW8,"_",AV8),$AI$7:$AL$16,4,FALSE))) -> SIN GANADOR | AY8: =IF(AX8="",1,IF(AX8=AV8,1,0)) -> 0 | AZ8: =-AP8*10000000 - AQ8*10000 - AR8*100 -> -30000000 | BA8: =AZ8-AY8*10 -> -30000000 | BB8: =BA8+N24 -> -29999998
B9: 2 | C9: =IFERROR(VLOOKUP($B9,$AN$7:$AS$11,C$5,FALSE),"") -> Cabo Verde | D9: =IFERROR(VLOOKUP($B9,$AN$7:$AS$11,D$5,FALSE),"") -> 3 | E9: =IFERROR(VLOOKUP($B9,$AN$7:$AS$11,E$5,FALSE),"") -> 0 | F9: =IFERROR(VLOOKUP($B9,$AN$7:$AS$11,F$5,FALSE),"") -> 0 | G9: =IFERROR(VLOOKUP($B9,$AN$7:$AS$11,G$5,FALSE),"") -> 0 | I9: 37 | J9: 46194 | K9: España | N9: Arabia Saudita | AG9: =IF(OR(L9="",M9=""),1,0) -> 1 | AI9: =CONCATENATE(K9,"_",N9) -> España_Arabia Saudita | AJ9: =IF(L9>M9,3,IF(L9<M9,0,1)) -> 1 | AK9: =IF(AJ9=3,0,IF(AJ9=1,1,3)) -> 1 | AL9: =IF(AJ9>AK9,K9,IF(AK9>AJ9,N9,"SIN GANADOR")) -> SIN GANADOR | AN9: =_xlfn.RANK.EQ(BB9,BB$7:BB$11,1) -> 3 | AO9: =J25 -> Arabia Saudita | AP9: =SUMIF($K$7:$K$12,AO9,$AJ$7:$AJ$12) + SUMIF($N$7:$N$12,AO9,$AK$7:$AK$12) -> 3 | AQ9: =AR9-AS9 -> 0 | AR9: =SUMIF($K$7:$K$12,AO9,$L$7:$L$12) + SUMIF($N$7:$N$12,AO9,$M$7:$M$12) -> 0 | AS9: =SUMIF($K$7:$K$12,AO9,$M$7:$M$12) + SUMIF($N$7:$N$12,AO9,$L$7:$L$12) -> 0 | AV9: =AO9 -> Arabia Saudita | AW9: =IF(AZ9=AZ10,AV10,IF(AZ9=AZ7,AV7,IF(AZ9=AZ8,AV8,""))) -> Uruguay | AX9: =IF(AW9="","",IFERROR(VLOOKUP(CONCATENATE(AV9,"_",AW9),$AI$7:$AL$16,4,FALSE),VLOOKUP(CONCATENATE(AW9,"_",AV9),$AI$7:$AL$16,4,FALSE))) -> SIN GANADOR | AY9: =IF(AX9="",1,IF(AX9=AV9,1,0)) -> 0 | AZ9: =-AP9*10000000 - AQ9*10000 - AR9*100 -> -30000000 | BA9: =AZ9-AY9*10 -> -30000000 | BB9: =BA9+N25 -> -29999997
B10: 3 | C10: =IFERROR(VLOOKUP($B10,$AN$7:$AS$11,C$5,FALSE),"") -> Arabia Saudita | D10: =IFERROR(VLOOKUP($B10,$AN$7:$AS$11,D$5,FALSE),"") -> 3 | E10: =IFERROR(VLOOKUP($B10,$AN$7:$AS$11,E$5,FALSE),"") -> 0 | F10: =IFERROR(VLOOKUP($B10,$AN$7:$AS$11,F$5,FALSE),"") -> 0 | G10: =IFERROR(VLOOKUP($B10,$AN$7:$AS$11,G$5,FALSE),"") -> 0 | I10: 40 | J10: 46194 | K10: Uruguay | N10: Cabo Verde | AG10: =IF(OR(L10="",M10=""),1,0) -> 1 | AI10: =CONCATENATE(K10,"_",N10) -> Uruguay_Cabo Verde | AJ10: =IF(L10>M10,3,IF(L10<M10,0,1)) -> 1 | AK10: =IF(AJ10=3,0,IF(AJ10=1,1,3)) -> 1 | AL10: =IF(AJ10>AK10,K10,IF(AK10>AJ10,N10,"SIN GANADOR")) -> SIN GANADOR | AN10: =_xlfn.RANK.EQ(BB10,BB$7:BB$11,1) -> 4 | AO10: =J26 -> Uruguay | AP10: =SUMIF($K$7:$K$12,AO10,$AJ$7:$AJ$12) + SUMIF($N$7:$N$12,AO10,$AK$7:$AK$12) -> 3 | AQ10: =AR10-AS10 -> 0 | AR10: =SUMIF($K$7:$K$12,AO10,$L$7:$L$12) + SUMIF($N$7:$N$12,AO10,$M$7:$M$12) -> 0 | AS10: =SUMIF($K$7:$K$12,AO10,$M$7:$M$12) + SUMIF($N$7:$N$12,AO10,$L$7:$L$12) -> 0 | AV10: =AO10 -> Uruguay | AW10: =IF(AZ10=AZ7,AV7,IF(AZ10=AZ8,AV8,IF(AZ10=AZ9,AV9,""))) -> España | AX10: =IF(AW10="","",IFERROR(VLOOKUP(CONCATENATE(AV10,"_",AW10),$AI$7:$AL$16,4,FALSE),VLOOKUP(CONCATENATE(AW10,"_",AV10),$AI$7:$AL$16,4,FALSE))) -> SIN GANADOR | AY10: =IF(AX10="",1,IF(AX10=AV10,1,0)) -> 0 | AZ10: =-AP10*10000000 - AQ10*10000 - AR10*100 -> -30000000 | BA10: =AZ10-AY10*10 -> -30000000 | BB10: =BA10+N26 -> -29999996
B11: 4 | C11: =IFERROR(VLOOKUP($B11,$AN$7:$AS$11,C$5,FALSE),"") -> Uruguay | D11: =IFERROR(VLOOKUP($B11,$AN$7:$AS$11,D$5,FALSE),"") -> 3 | E11: =IFERROR(VLOOKUP($B11,$AN$7:$AS$11,E$5,FALSE),"") -> 0 | F11: =IFERROR(VLOOKUP($B11,$AN$7:$AS$11,F$5,FALSE),"") -> 0 | G11: =IFERROR(VLOOKUP($B11,$AN$7:$AS$11,G$5,FALSE),"") -> 0 | I11: 63 | J11: 46199 | K11: Cabo Verde | N11: Arabia Saudita | AG11: =IF(OR(L11="",M11=""),1,0) -> 1 | AI11: =CONCATENATE(K11,"_",N11) -> Cabo Verde_Arabia Saudita | AJ11: =IF(L11>M11,3,IF(L11<M11,0,1)) -> 1 | AK11: =IF(AJ11=3,0,IF(AJ11=1,1,3)) -> 1 | AL11: =IF(AJ11>AK11,K11,IF(AK11>AJ11,N11,"SIN GANADOR")) -> SIN GANADOR
I12: 64 | J12: 46199 | K12: Uruguay | N12: España | AG12: =IF(OR(L12="",M12=""),1,0) -> 1 | AI12: =CONCATENATE(K12,"_",N12) -> Uruguay_España | AJ12: =IF(L12>M12,3,IF(L12<M12,0,1)) -> 1 | AK12: =IF(AJ12=3,0,IF(AJ12=1,1,3)) -> 1 | AL12: =IF(AJ12>AK12,K12,IF(AK12>AJ12,N12,"SIN GANADOR")) -> SIN GANADOR
AG13: =IF(SUM(AG7:AG12)>0,1,0) -> 1
B22: El recuadro de la derecha sirve para desempatar, en caso de que haya empate entre | I22: 1 | J22: Escoja por prioridad los siguientes equipos:
B23: uno o más equipos en todos los criterios considerados. | I23: =IF(J23="",0,1) -> 1 | J23: España | M23: 1 | N23: =IF(J23="",0,M23) -> 1
B24: Para utilizarlo, asigne una prioridad entre 1 y 5 (siendo más bajo mejor) a cada equipo. | I24: =IF(J24="",0,1) -> 1 | J24: Cabo Verde | M24: 2 | N24: =IF(J24="",0,M24) -> 2
B25: Puede pensarlo como el lugar que quedarían en la tabla de posiciones. | I25: =IF(J25="",0,1) -> 1 | J25: Arabia Saudita | M25: 3 | N25: =IF(J25="",0,M25) -> 3
B26: A modo de ejemplo, si su predicción es que todos los partidos terminan 0-0, el orden | I26: =IF(J26="",0,1) -> 1 | J26: Uruguay | M26: 4 | N26: =IF(J26="",0,M26) -> 4
B27: asignado en este recuadro es el que finalmente quedará en la tabla de posiciones. | N27: =IF(J27="",0,M27) -> 0

Sheet GRUPO I
B3: GRUPO I
C5: 2 | D5: 3 | E5: 5 | F5: 6 | G5: 4
B6: Tabla de Posiciones | J6: Fecha | K6: Partidos | AJ6: 1 | AK6: 2 | AL6: Ganador | AN6: Orden | AO6: Equipo | AP6: Puntos | AQ6: DG | AR6: GF | AS6: GC | AV6: Equipo | AW6: Empatado Con | AX6: Ganador | AY6: Ganador? | AZ6: Formula Rank | BA6: Formula Rank Con Duelo Directo | BB6: Formula Rank Con Prioridad
B7: Posición | C7: Equipo | D7: Puntos | E7: GF | F7: GC | G7: DG | I7: 17 | J7: 46189 | K7: Francia | N7: Senegal | AG7: =IF(OR(L7="",M7=""),1,0) -> 1 | AI7: =CONCATENATE(K7,"_",N7) -> Francia_Senegal | AJ7: =IF(L7>M7,3,IF(L7<M7,0,1)) -> 1 | AK7: =IF(AJ7=3,0,IF(AJ7=1,1,3)) -> 1 | AL7: =IF(AJ7>AK7,K7,IF(AK7>AJ7,N7,"SIN GANADOR")) -> SIN GANADOR | AN7: =_xlfn.RANK.EQ(BB7,BB$7:BB$11,1) -> 1 | AO7: =J23 -> Francia | AP7: =SUMIF($K$7:$K$12,AO7,$AJ$7:$AJ$12) + SUMIF($N$7:$N$12,AO7,$AK$7:$AK$12) -> 3 | AQ7: =AR7-AS7 -> 0 | AR7: =SUMIF($K$7:$K$12,AO7,$L$7:$L$12) + SUMIF($N$7:$N$12,AO7,$M$7:$M$12) -> 0 | AS7: =SUMIF($K$7:$K$12,AO7,$M$7:$M$12) + SUMIF($N$7:$N$12,AO7,$L$7:$L$12) -> 0 | AV7: =AO7 -> Francia | AW7: =IF(AZ7=AZ8,AV8,IF(AZ7=AZ9,AV9,IF(AZ7=AZ10,AV10,""))) -> Senegal | AX7: =IF(AW7="","",IFERROR(VLOOKUP(CONCATENATE(AV7,"_",AW7),$AI$7:$AL$16,4,FALSE),VLOOKUP(CONCATENATE(AW7,"_",AV7),$AI$7:$AL$16,4,FALSE))) -> SIN GANADOR | AY7: =IF(AX7="",1,IF(AX7=AV7,1,0)) -> 0 | AZ7: =-AP7*10000000 - AQ7*10000 - AR7*100 -> -30000000 | BA7: =AZ7-AY7*10 -> -30000000 | BB7: =BA7+N23 -> -29999999
B8: 1 | C8: =IFERROR(VLOOKUP($B8,$AN$7:$AS$11,C$5,FALSE),"") -> Francia | D8: =IFERROR(VLOOKUP($B8,$AN$7:$AS$11,D$5,FALSE),"") -> 3 | E8: =IFERROR(VLOOKUP($B8,$AN$7:$AS$11,E$5,FALSE),"") -> 0 | F8: =IFERROR(VLOOKUP($B8,$AN$7:$AS$11,F$5,FALSE),"") -> 0 | G8: =IFERROR(VLOOKUP($B8,$AN$7:$AS$11,G$5,FALSE),"") -> 0 | I8: 18 | J8: 46189 | K8: Irak | N8: Noruega | AG8: =IF(OR(L8="",M8=""),1,0) -> 1 | AI8: =CONCATENATE(K8,"_",N8) -> Irak_Noruega | AJ8: =IF(L8>M8,3,IF(L8<M8,0,1)) -> 1 | AK8: =IF(AJ8=3,0,IF(AJ8=1,1,3)) -> 1 | AL8: =IF(AJ8>AK8,K8,IF(AK8>AJ8,N8,"SIN GANADOR")) -> SIN GANADOR | AN8: =_xlfn.RANK.EQ(BB8,BB$7:BB$11,1) -> 2 | AO8: =J24 -> Senegal | AP8: =SUMIF($K$7:$K$12,AO8,$AJ$7:$AJ$12) + SUMIF($N$7:$N$12,AO8,$AK$7:$AK$12) -> 3 | AQ8: =AR8-AS8 -> 0 | AR8: =SUMIF($K$7:$K$12,AO8,$L$7:$L$12) + SUMIF($N$7:$N$12,AO8,$M$7:$M$12) -> 0 | AS8: =SUMIF($K$7:$K$12,AO8,$M$7:$M$12) + SUMIF($N$7:$N$12,AO8,$L$7:$L$12) -> 0 | AV8: =AO8 -> Senegal | AW8: =IF(AZ8=AZ9,AV9,IF(AZ8=AZ10,AV10,IF(AZ8=AZ7,AV7,""))) -> Irak | AX8: =IF(AW8="","",IFERROR(VLOOKUP(CONCATENATE(AV8,"_",AW8),$AI$7:$AL$16,4,FALSE),VLOOKUP(CONCATENATE(AW8,"_",AV8),$AI$7:$AL$16,4,FALSE))) -> SIN GANADOR | AY8: =IF(AX8="",1,IF(AX8=AV8,1,0)) -> 0 | AZ8: =-AP8*10000000 - AQ8*10000 - AR8*100 -> -30000000 | BA8: =AZ8-AY8*10 -> -30000000 | BB8: =BA8+N24 -> -29999998
B9: 2 | C9: =IFERROR(VLOOKUP($B9,$AN$7:$AS$11,C$5,FALSE),"") -> Senegal | D9: =IFERROR(VLOOKUP($B9,$AN$7:$AS$11,D$5,FALSE),"") -> 3 | E9: =IFERROR(VLOOKUP($B9,$AN$7:$AS$11,E$5,FALSE),"") -> 0 | F9: =IFERROR(VLOOKUP($B9,$AN$7:$AS$11,F$5,FALSE),"") -> 0 | G9: =IFERROR(VLOOKUP($B9,$AN$7:$AS$11,G$5,FALSE),"") -> 0 | I9: 42 | J9: 46195 | K9: Francia | N9: Irak | AG9: =IF(OR(L9="",M9=""),1,0) -> 1 | AI9: =CONCATENATE(K9,"_",N9) -> Francia_Irak | AJ9: =IF(L9>M9,3,IF(L9<M9,0,1)) -> 1 | AK9: =IF(AJ9=3,0,IF(AJ9=1,1,3)) -> 1 | AL9: =IF(AJ9>AK9,K9,IF(AK9>AJ9,N9,"SIN GANADOR")) -> SIN GANADOR | AN9: =_xlfn.RANK.EQ(BB9,BB$7:BB$11,1) -> 3 | AO9: =J25 -> Irak | AP9: =SUMIF($K$7:$K$12,AO9,$AJ$7:$AJ$12) + SUMIF($N$7:$N$12,AO9,$AK$7:$AK$12) -> 3 | AQ9: =AR9-AS9 -> 0 | AR9: =SUMIF($K$7:$K$12,AO9,$L$7:$L$12) + SUMIF($N$7:$N$12,AO9,$M$7:$M$12) -> 0 | AS9: =SUMIF($K$7:$K$12,AO9,$M$7:$M$12) + SUMIF($N$7:$N$12,AO9,$L$7:$L$12) -> 0 | AV9: =AO9 -> Irak | AW9: =IF(AZ9=AZ10,AV10,IF(AZ9=AZ7,AV7,IF(AZ9=AZ8,AV8,""))) -> Noruega | AX9: =IF(AW9="","",IFERROR(VLOOKUP(CONCATENATE(AV9,"_",AW9),$AI$7:$AL$16,4,FALSE),VLOOKUP(CONCATENATE(AW9,"_",AV9),$AI$7:$AL$16,4,FALSE))) -> SIN GANADOR | AY9: =IF(AX9="",1,IF(AX9=AV9,1,0)) -> 0 | AZ9: =-AP9*10000000 - AQ9*10000 - AR9*100 -> -30000000 | BA9: =AZ9-AY9*10 -> -30000000 | BB9: =BA9+N25 -> -29999997
B10: 3 | C10: =IFERROR(VLOOKUP($B10,$AN$7:$AS$11,C$5,FALSE),"") -> Irak | D10: =IFERROR(VLOOKUP($B10,$AN$7:$AS$11,D$5,FALSE),"") -> 3 | E10: =IFERROR(VLOOKUP($B10,$AN$7:$AS$11,E$5,FALSE),"") -> 0 | F10: =IFERROR(VLOOKUP($B10,$AN$7:$AS$11,F$5,FALSE),"") -> 0 | G10: =IFERROR(VLOOKUP($B10,$AN$7:$AS$11,G$5,FALSE),"") -> 0 | I10: 43 | J10: 46195 | K10: Noruega | N10: Senegal | AG10: =IF(OR(L10="",M10=""),1,0) -> 1 | AI10: =CONCATENATE(K10,"_",N10) -> Noruega_Senegal | AJ10: =IF(L10>M10,3,IF(L10<M10,0,1)) -> 1 | AK10: =IF(AJ10=3,0,IF(AJ10=1,1,3)) -> 1 | AL10: =IF(AJ10>AK10,K10,IF(AK10>AJ10,N10,"SIN GANADOR")) -> SIN GANADOR | AN10: =_xlfn.RANK.EQ(BB10,BB$7:BB$11,1) -> 4 | AO10: =J26 -> Noruega | AP10: =SUMIF($K$7:$K$12,AO10,$AJ$7:$AJ$12) + SUMIF($N$7:$N$12,AO10,$AK$7:$AK$12) -> 3 | AQ10: =AR10-AS10 -> 0 | AR10: =SUMIF($K$7:$K$12,AO10,$L$7:$L$12) + SUMIF($N$7:$N$12,AO10,$M$7:$M$12) -> 0 | AS10: =SUMIF($K$7:$K$12,AO10,$M$7:$M$12) + SUMIF($N$7:$N$12,AO10,$L$7:$L$12) -> 0 | AV10: =AO10 -> Noruega | AW10: =IF(AZ10=AZ7,AV7,IF(AZ10=AZ8,AV8,IF(AZ10=AZ9,AV9,""))) -> Francia | AX10: =IF(AW10="","",IFERROR(VLOOKUP(CONCATENATE(AV10,"_",AW10),$AI$7:$AL$16,4,FALSE),VLOOKUP(CONCATENATE(AW10,"_",AV10),$AI$7:$AL$16,4,FALSE))) -> SIN GANADOR | AY10: =IF(AX10="",1,IF(AX10=AV10,1,0)) -> 0 | AZ10: =-AP10*10000000 - AQ10*10000 - AR10*100 -> -30000000 | BA10: =AZ10-AY10*10 -> -30000000 | BB10: =BA10+N26 -> -29999996
B11: 4 | C11: =IFERROR(VLOOKUP($B11,$AN$7:$AS$11,C$5,FALSE),"") -> Noruega | D11: =IFERROR(VLOOKUP($B11,$AN$7:$AS$11,D$5,FALSE),"") -> 3 | E11: =IFERROR(VLOOKUP($B11,$AN$7:$AS$11,E$5,FALSE),"") -> 0 | F11: =IFERROR(VLOOKUP($B11,$AN$7:$AS$11,F$5,FALSE),"") -> 0 | G11: =IFERROR(VLOOKUP($B11,$AN$7:$AS$11,G$5,FALSE),"") -> 0 | I11: 61 | J11: 46199 | K11: Noruega | N11: Francia | AG11: =IF(OR(L11="",M11=""),1,0) -> 1 | AI11: =CONCATENATE(K11,"_",N11) -> Noruega_Francia | AJ11: =IF(L11>M11,3,IF(L11<M11,0,1)) -> 1 | AK11: =IF(AJ11=3,0,IF(AJ11=1,1,3)) -> 1 | AL11: =IF(AJ11>AK11,K11,IF(AK11>AJ11,N11,"SIN GANADOR")) -> SIN GANADOR
I12: 62 | J12: 46199 | K12: Senegal | N12: Irak | AG12: =IF(OR(L12="",M12=""),1,0) -> 1 | AI12: =CONCATENATE(K12,"_",N12) -> Senegal_Irak | AJ12: =IF(L12>M12,3,IF(L12<M12,0,1)) -> 1 | AK12: =IF(AJ12=3,0,IF(AJ12=1,1,3)) -> 1 | AL12: =IF(AJ12>AK12,K12,IF(AK12>AJ12,N12,"SIN GANADOR")) -> SIN GANADOR
AG13: =IF(SUM(AG7:AG12)>0,1,0) -> 1
B22: El recuadro de la derecha sirve para desempatar, en caso de que haya empate entre | I22: 1 | J22: Escoja por prioridad los siguientes equipos:
B23: uno o más equipos en todos los criterios considerados. | I23: =IF(J23="",0,1) -> 1 | J23: Francia | M23: 1 | N23: =IF(J23="",0,M23) -> 1
B24: Para utilizarlo, asigne una prioridad entre 1 y 5 (siendo más bajo mejor) a cada equipo. | I24: =IF(J24="",0,1) -> 1 | J24: Senegal | M24: 2 | N24: =IF(J24="",0,M24) -> 2
B25: Puede pensarlo como el lugar que quedarían en la tabla de posiciones. | I25: =IF(J25="",0,1) -> 1 | J25: Irak | M25: 3 | N25: =IF(J25="",0,M25) -> 3
B26: A modo de ejemplo, si su predicción es que todos los partidos terminan 0-0, el orden | I26: =IF(J26="",0,1) -> 1 | J26: Noruega | M26: 4 | N26: =IF(J26="",0,M26) -> 4
B27: asignado en este recuadro es el que finalmente quedará en la tabla de posiciones. | N27: =IF(J27="",0,M27) -> 0

Sheet GRUPO J
B3: GRUPO J
C5: 2 | D5: 3 | E5: 5 | F5: 6 | G5: 4
B6: Tabla de Posiciones | J6: Fecha | K6: Partidos | AJ6: 1 | AK6: 2 | AL6: Ganador | AN6: Orden | AO6: Equipo | AP6: Puntos | AQ6: DG | AR6: GF | AS6: GC | AV6: Equipo | AW6: Empatado Con | AX6: Ganador | AY6: Ganador? | AZ6: Formula Rank | BA6: Formula Rank Con Duelo Directo | BB6: Formula Rank Con Prioridad
B7: Posición | C7: Equipo | D7: Puntos | E7: GF | F7: GC | G7: DG | I7: 19 | J7: 46189 | K7: Argentina | N7: Argelia | AG7: =IF(OR(L7="",M7=""),1,0) -> 1 | AI7: =CONCATENATE(K7,"_",N7) -> Argentina_Argelia | AJ7: =IF(L7>M7,3,IF(L7<M7,0,1)) -> 1 | AK7: =IF(AJ7=3,0,IF(AJ7=1,1,3)) -> 1 | AL7: =IF(AJ7>AK7,K7,IF(AK7>AJ7,N7,"SIN GANADOR")) -> SIN GANADOR | AN7: =_xlfn.RANK.EQ(BB7,BB$7:BB$11,1) -> 1 | AO7: =J23 -> Argentina | AP7: =SUMIF($K$7:$K$12,AO7,$AJ$7:$AJ$12) + SUMIF($N$7:$N$12,AO7,$AK$7:$AK$12) -> 3 | AQ7: =AR7-AS7 -> 0 | AR7: =SUMIF($K$7:$K$12,AO7,$L$7:$L$12) + SUMIF($N$7:$N$12,AO7,$M$7:$M$12) -> 0 | AS7: =SUMIF($K$7:$K$12,AO7,$M$7:$M$12) + SUMIF($N$7:$N$12,AO7,$L$7:$L$12) -> 0 | AV7: =AO7 -> Argentina | AW7: =IF(AZ7=AZ8,AV8,IF(AZ7=AZ9,AV9,IF(AZ7=AZ10,AV10,""))) -> Argelia | AX7: =IF(AW7="","",IFERROR(VLOOKUP(CONCATENATE(AV7,"_",AW7),$AI$7:$AL$16,4,FALSE),VLOOKUP(CONCATENATE(AW7,"_",AV7),$AI$7:$AL$16,4,FALSE))) -> SIN GANADOR | AY7: =IF(AX7="",1,IF(AX7=AV7,1,0)) -> 0 | AZ7: =-AP7*10000000 - AQ7*10000 - AR7*100 -> -30000000 | BA7: =AZ7-AY7*10 -> -30000000 | BB7: =BA7+N23 -> -29999999
B8: 1 | C8: =IFERROR(VLOOKUP($B8,$AN$7:$AS$11,C$5,FALSE),"") -> Argentina | D8: =IFERROR(VLOOKUP($B8,$AN$7:$AS$11,D$5,FALSE),"") -> 3 | E8: =IFERROR(VLOOKUP($B8,$AN$7:$AS$11,E$5,FALSE),"") -> 0 | F8: =IFERROR(VLOOKUP($B8,$AN$7:$AS$11,F$5,FALSE),"") -> 0 | G8: =IFERROR(VLOOKUP($B8,$AN$7:$AS$11,G$5,FALSE),"") -> 0 | I8: 20 | J8: 46189 | K8: Austria | N8: Jordania | AG8: =IF(OR(L8="",M8=""),1,0) -> 1 | AI8: =CONCATENATE(K8,"_",N8) -> Austria_Jordania | AJ8: =IF(L8>M8,3,IF(L8<M8,0,1)) -> 1 | AK8: =IF(AJ8=3,0,IF(AJ8=1,1,3)) -> 1 | AL8: =IF(AJ8>AK8,K8,IF(AK8>AJ8,N8,"SIN GANADOR")) -> SIN GANADOR | AN8: =_xlfn.RANK.EQ(BB8,BB$7:BB$11,1) -> 2 | AO8: =J24 -> Argelia | AP8: =SUMIF($K$7:$K$12,AO8,$AJ$7:$AJ$12) + SUMIF($N$7:$N$12,AO8,$AK$7:$AK$12) -> 3 | AQ8: =AR8-AS8 -> 0 | AR8: =SUMIF($K$7:$K$12,AO8,$L$7:$L$12) + SUMIF($N$7:$N$12,AO8,$M$7:$M$12) -> 0 | AS8: =SUMIF($K$7:$K$12,AO8,$M$7:$M$12) + SUMIF($N$7:$N$12,AO8,$L$7:$L$12) -> 0 | AV8: =AO8 -> Argelia | AW8: =IF(AZ8=AZ9,AV9,IF(AZ8=AZ10,AV10,IF(AZ8=AZ7,AV7,""))) -> Austria | AX8: =IF(AW8="","",IFERROR(VLOOKUP(CONCATENATE(AV8,"_",AW8),$AI$7:$AL$16,4,FALSE),VLOOKUP(CONCATENATE(AW8,"_",AV8),$AI$7:$AL$16,4,FALSE))) -> SIN GANADOR | AY8: =IF(AX8="",1,IF(AX8=AV8,1,0)) -> 0 | AZ8: =-AP8*10000000 - AQ8*10000 - AR8*100 -> -30000000 | BA8: =AZ8-AY8*10 -> -30000000 | BB8: =BA8+N24 -> -29999998
B9: 2 | C9: =IFERROR(VLOOKUP($B9,$AN$7:$AS$11,C$5,FALSE),"") -> Argelia | D9: =IFERROR(VLOOKUP($B9,$AN$7:$AS$11,D$5,FALSE),"") -> 3 | E9: =IFERROR(VLOOKUP($B9,$AN$7:$AS$11,E$5,FALSE),"") -> 0 | F9: =IFERROR(VLOOKUP($B9,$AN$7:$AS$11,F$5,FALSE),"") -> 0 | G9: =IFERROR(VLOOKUP($B9,$AN$7:$AS$11,G$5,FALSE),"") -> 0 | I9: 41 | J9: 46195 | K9: Argentina | N9: Austria | AG9: =IF(OR(L9="",M9=""),1,0) -> 1 | AI9: =CONCATENATE(K9,"_",N9) -> Argentina_Austria | AJ9: =IF(L9>M9,3,IF(L9<M9,0,1)) -> 1 | AK9: =IF(AJ9=3,0,IF(AJ9=1,1,3)) -> 1 | AL9: =IF(AJ9>AK9,K9,IF(AK9>AJ9,N9,"SIN GANADOR")) -> SIN GANADOR | AN9: =_xlfn.RANK.EQ(BB9,BB$7:BB$11,1) -> 3 | AO9: =J25 -> Austria | AP9: =SUMIF($K$7:$K$12,AO9,$AJ$7:$AJ$12) + SUMIF($N$7:$N$12,AO9,$AK$7:$AK$12) -> 3 | AQ9: =AR9-AS9 -> 0 | AR9: =SUMIF($K$7:$K$12,AO9,$L$7:$L$12) + SUMIF($N$7:$N$12,AO9,$M$7:$M$12) -> 0 | AS9: =SUMIF($K$7:$K$12,AO9,$M$7:$M$12) + SUMIF($N$7:$N$12,AO9,$L$7:$L$12) -> 0 | AV9: =AO9 -> Austria | AW9: =IF(AZ9=AZ10,AV10,IF(AZ9=AZ7,AV7,IF(AZ9=AZ8,AV8,""))) -> Jordania | AX9: =IF(AW9="","",IFERROR(VLOOKUP(CONCATENATE(AV9,"_",AW9),$AI$7:$AL$16,4,FALSE),VLOOKUP(CONCATENATE(AW9,"_",AV9),$AI$7:$AL$16,4,FALSE))) -> SIN GANADOR | AY9: =IF(AX9="",1,IF(AX9=AV9,1,0)) -> 0 | AZ9: =-AP9*10000000 - AQ9*10000 - AR9*100 -> -30000000 | BA9: =AZ9-AY9*10 -> -30000000 | BB9: =BA9+N25 -> -29999997
B10: 3 | C10: =IFERROR(VLOOKUP($B10,$AN$7:$AS$11,C$5,FALSE),"") -> Austria | D10: =IFERROR(VLOOKUP($B10,$AN$7:$AS$11,D$5,FALSE),"") -> 3 | E10: =IFERROR(VLOOKUP($B10,$AN$7:$AS$11,E$5,FALSE),"") -> 0 | F10: =IFERROR(VLOOKUP($B10,$AN$7:$AS$11,F$5,FALSE),"") -> 0 | G10: =IFERROR(VLOOKUP($B10,$AN$7:$AS$11,G$5,FALSE),"") -> 0 | I10: 44 | J10: 46195 | K10: Jordania | N10: Argelia | AG10: =IF(OR(L10="",M10=""),1,0) -> 1 | AI10: =CONCATENATE(K10,"_",N10) -> Jordania_Argelia | AJ10: =IF(L10>M10,3,IF(L10<M10,0,1)) -> 1 | AK10: =IF(AJ10=3,0,IF(AJ10=1,1,3)) -> 1 | AL10: =IF(AJ10>AK10,K10,IF(AK10>AJ10,N10,"SIN GANADOR")) -> SIN GANADOR | AN10: =_xlfn.RANK.EQ(BB10,BB$7:BB$11,1) -> 4 | AO10: =J26 -> Jordania | AP10: =SUMIF($K$7:$K$12,AO10,$AJ$7:$AJ$12) + SUMIF($N$7:$N$12,AO10,$AK$7:$AK$12) -> 3 | AQ10: =AR10-AS10 -> 0 | AR10: =SUMIF($K$7:$K$12,AO10,$L$7:$L$12) + SUMIF($N$7:$N$12,AO10,$M$7:$M$12) -> 0 | AS10: =SUMIF($K$7:$K$12,AO10,$M$7:$M$12) + SUMIF($N$7:$N$12,AO10,$L$7:$L$12) -> 0 | AV10: =AO10 -> Jordania | AW10: =IF(AZ10=AZ7,AV7,IF(AZ10=AZ8,AV8,IF(AZ10=AZ9,AV9,""))) -> Argentina | AX10: =IF(AW10="","",IFERROR(VLOOKUP(CONCATENATE(AV10,"_",AW10),$AI$7:$AL$16,4,FALSE),VLOOKUP(CONCATENATE(AW10,"_",AV10),$AI$7:$AL$16,4,FALSE))) -> SIN GANADOR | AY10: =IF(AX10="",1,IF(AX10=AV10,1,0)) -> 0 | AZ10: =-AP10*10000000 - AQ10*10000 - AR10*100 -> -30000000 | BA10: =AZ10-AY10*10 -> -30000000 | BB10: =BA10+N26 -> -29999996
B11: 4 | C11: =IFERROR(VLOOKUP($B11,$AN$7:$AS$11,C$5,FALSE),"") -> Jordania | D11: =IFERROR(VLOOKUP($B11,$AN$7:$AS$11,D$5,FALSE),"") -> 3 | E11: =IFERROR(VLOOKUP($B11,$AN$7:$AS$11,E$5,FALSE),"") -> 0 | F11: =IFERROR(VLOOKUP($B11,$AN$7:$AS$11,F$5,FALSE),"") -> 0 | G11: =IFERROR(VLOOKUP($B11,$AN$7:$AS$11,G$5,FALSE),"") -> 0 | I11: 71 | J11: 46200 | K11: Argelia | N11: Austria | AG11: =IF(OR(L11="",M11=""),1,0) -> 1 | AI11: =CONCATENATE(K11,"_",N11) -> Argelia_Austria | AJ11: =IF(L11>M11,3,IF(L11<M11,0,1)) -> 1 | AK11: =IF(AJ11=3,0,IF(AJ11=1,1,3)) -> 1 | AL11: =IF(AJ11>AK11,K11,IF(AK11>AJ11,N11,"SIN GANADOR")) -> SIN GANADOR
I12: 72 | J12: 46200 | K12: Jordania | N12: Argentina | AG12: =IF(OR(L12="",M12=""),1,0) -> 1 | AI12: =CONCATENATE(K12,"_",N12) -> Jordania_Argentina | AJ12: =IF(L12>M12,3,IF(L12<M12,0,1)) -> 1 | AK12: =IF(AJ12=3,0,IF(AJ12=1,1,3)) -> 1 | AL12: =IF(AJ12>AK12,K12,IF(AK12>AJ12,N12,"SIN GANADOR")) -> SIN GANADOR
AG13: =IF(SUM(AG7:AG12)>0,1,0) -> 1
B22: El recuadro de la derecha sirve para desempatar, en caso de que haya empate entre | I22: 1 | J22: Escoja por prioridad los siguientes equipos:
B23: uno o más equipos en todos los criterios considerados. | I23: =IF(J23="",0,1) -> 1 | J23: Argentina | M23: 1 | N23: =IF(J23="",0,M23) -> 1
B24: Para utilizarlo, asigne una prioridad entre 1 y 5 (siendo más bajo mejor) a cada equipo. | I24: =IF(J24="",0,1) -> 1 | J24: Argelia | M24: 2 | N24: =IF(J24="",0,M24) -> 2
B25: Puede pensarlo como el lugar que quedarían en la tabla de posiciones. | I25: =IF(J25="",0,1) -> 1 | J25: Austria | M25: 3 | N25: =IF(J25="",0,M25) -> 3
B26: A modo de ejemplo, si su predicción es que todos los partidos terminan 0-0, el orden | I26: =IF(J26="",0,1) -> 1 | J26: Jordania | M26: 4 | N26: =IF(J26="",0,M26) -> 4
B27: asignado en este recuadro es el que finalmente quedará en la tabla de posiciones. | N27: =IF(J27="",0,M27) -> 0

Sheet GRUPO K
B3: GRUPO K
C5: 2 | D5: 3 | E5: 5 | F5: 6 | G5: 4
B6: Tabla de Posiciones | J6: Fecha | K6: Partidos | AJ6: 1 | AK6: 2 | AL6: Ganador | AN6: Orden | AO6: Equipo | AP6: Puntos | AQ6: DG | AR6: GF | AS6: GC | AV6: Equipo | AW6: Empatado Con | AX6: Ganador | AY6: Ganador? | AZ6: Formula Rank | BA6: Formula Rank Con Duelo Directo | BB6: Formula Rank Con Prioridad
B7: Posición | C7: Equipo | D7: Puntos | E7: GF | F7: GC | G7: DG | I7: 21 | J7: 46190 | K7: Portugal | N7: Congo | AG7: =IF(OR(L7="",M7=""),1,0) -> 1 | AI7: =CONCATENATE(K7,"_",N7) -> Portugal_Congo | AJ7: =IF(L7>M7,3,IF(L7<M7,0,1)) -> 1 | AK7: =IF(AJ7=3,0,IF(AJ7=1,1,3)) -> 1 | AL7: =IF(AJ7>AK7,K7,IF(AK7>AJ7,N7,"SIN GANADOR")) -> SIN GANADOR | AN7: =_xlfn.RANK.EQ(BB7,BB$7:BB$11,1) -> 1 | AO7: =J23 -> Portugal | AP7: =SUMIF($K$7:$K$12,AO7,$AJ$7:$AJ$12) + SUMIF($N$7:$N$12,AO7,$AK$7:$AK$12) -> 3 | AQ7: =AR7-AS7 -> 0 | AR7: =SUMIF($K$7:$K$12,AO7,$L$7:$L$12) + SUMIF($N$7:$N$12,AO7,$M$7:$M$12) -> 0 | AS7: =SUMIF($K$7:$K$12,AO7,$M$7:$M$12) + SUMIF($N$7:$N$12,AO7,$L$7:$L$12) -> 0 | AV7: =AO7 -> Portugal | AW7: =IF(AZ7=AZ8,AV8,IF(AZ7=AZ9,AV9,IF(AZ7=AZ10,AV10,""))) -> Congo | AX7: =IF(AW7="","",IFERROR(VLOOKUP(CONCATENATE(AV7,"_",AW7),$AI$7:$AL$16,4,FALSE),VLOOKUP(CONCATENATE(AW7,"_",AV7),$AI$7:$AL$16,4,FALSE))) -> SIN GANADOR | AY7: =IF(AX7="",1,IF(AX7=AV7,1,0)) -> 0 | AZ7: =-AP7*10000000 - AQ7*10000 - AR7*100 -> -30000000 | BA7: =AZ7-AY7*10 -> -30000000 | BB7: =BA7+N23 -> -29999999
B8: 1 | C8: =IFERROR(VLOOKUP($B8,$AN$7:$AS$11,C$5,FALSE),"") -> Portugal | D8: =IFERROR(VLOOKUP($B8,$AN$7:$AS$11,D$5,FALSE),"") -> 3 | E8: =IFERROR(VLOOKUP($B8,$AN$7:$AS$11,E$5,FALSE),"") -> 0 | F8: =IFERROR(VLOOKUP($B8,$AN$7:$AS$11,F$5,FALSE),"") -> 0 | G8: =IFERROR(VLOOKUP($B8,$AN$7:$AS$11,G$5,FALSE),"") -> 0 | I8: 24 | J8: 46190 | K8: Uzbekistán | N8: Colombia | AG8: =IF(OR(L8="",M8=""),1,0) -> 1 | AI8: =CONCATENATE(K8,"_",N8) -> Uzbekistán_Colombia | AJ8: =IF(L8>M8,3,IF(L8<M8,0,1)) -> 1 | AK8: =IF(AJ8=3,0,IF(AJ8=1,1,3)) -> 1 | AL8: =IF(AJ8>AK8,K8,IF(AK8>AJ8,N8,"SIN GANADOR")) -> SIN GANADOR | AN8: =_xlfn.RANK.EQ(BB8,BB$7:BB$11,1) -> 2 | AO8: =J24 -> Congo | AP8: =SUMIF($K$7:$K$12,AO8,$AJ$7:$AJ$12) + SUMIF($N$7:$N$12,AO8,$AK$7:$AK$12) -> 3 | AQ8: =AR8-AS8 -> 0 | AR8: =SUMIF($K$7:$K$12,AO8,$L$7:$L$12) + SUMIF($N$7:$N$12,AO8,$M$7:$M$12) -> 0 | AS8: =SUMIF($K$7:$K$12,AO8,$M$7:$M$12) + SUMIF($N$7:$N$12,AO8,$L$7:$L$12) -> 0 | AV8: =AO8 -> Congo | AW8: =IF(AZ8=AZ9,AV9,IF(AZ8=AZ10,AV10,IF(AZ8=AZ7,AV7,""))) -> Uzbekistán | AX8: =IF(AW8="","",IFERROR(VLOOKUP(CONCATENATE(AV8,"_",AW8),$AI$7:$AL$16,4,FALSE),VLOOKUP(CONCATENATE(AW8,"_",AV8),$AI$7:$AL$16,4,FALSE))) -> SIN GANADOR | AY8: =IF(AX8="",1,IF(AX8=AV8,1,0)) -> 0 | AZ8: =-AP8*10000000 - AQ8*10000 - AR8*100 -> -30000000 | BA8: =AZ8-AY8*10 -> -30000000 | BB8: =BA8+N24 -> -29999998
B9: 2 | C9: =IFERROR(VLOOKUP($B9,$AN$7:$AS$11,C$5,FALSE),"") -> Congo | D9: =IFERROR(VLOOKUP($B9,$AN$7:$AS$11,D$5,FALSE),"") -> 3 | E9: =IFERROR(VLOOKUP($B9,$AN$7:$AS$11,E$5,FALSE),"") -> 0 | F9: =IFERROR(VLOOKUP($B9,$AN$7:$AS$11,F$5,FALSE),"") -> 0 | G9: =IFERROR(VLOOKUP($B9,$AN$7:$AS$11,G$5,FALSE),"") -> 0 | I9: 45 | J9: 46196 | K9: Portugal | N9: Uzbekistán | AG9: =IF(OR(L9="",M9=""),1,0) -> 1 | AI9: =CONCATENATE(K9,"_",N9) -> Portugal_Uzbekistán | AJ9: =IF(L9>M9,3,IF(L9<M9,0,1)) -> 1 | AK9: =IF(AJ9=3,0,IF(AJ9=1,1,3)) -> 1 | AL9: =IF(AJ9>AK9,K9,IF(AK9>AJ9,N9,"SIN GANADOR")) -> SIN GANADOR | AN9: =_xlfn.RANK.EQ(BB9,BB$7:BB$11,1) -> 3 | AO9: =J25 -> Uzbekistán | AP9: =SUMIF($K$7:$K$12,AO9,$AJ$7:$AJ$12) + SUMIF($N$7:$N$12,AO9,$AK$7:$AK$12) -> 3 | AQ9: =AR9-AS9 -> 0 | AR9: =SUMIF($K$7:$K$12,AO9,$L$7:$L$12) + SUMIF($N$7:$N$12,AO9,$M$7:$M$12) -> 0 | AS9: =SUMIF($K$7:$K$12,AO9,$M$7:$M$12) + SUMIF($N$7:$N$12,AO9,$L$7:$L$12) -> 0 | AV9: =AO9 -> Uzbekistán | AW9: =IF(AZ9=AZ10,AV10,IF(AZ9=AZ7,AV7,IF(AZ9=AZ8,AV8,""))) -> Colombia | AX9: =IF(AW9="","",IFERROR(VLOOKUP(CONCATENATE(AV9,"_",AW9),$AI$7:$AL$16,4,FALSE),VLOOKUP(CONCATENATE(AW9,"_",AV9),$AI$7:$AL$16,4,FALSE))) -> SIN GANADOR | AY9: =IF(AX9="",1,IF(AX9=AV9,1,0)) -> 0 | AZ9: =-AP9*10000000 - AQ9*10000 - AR9*100 -> -30000000 | BA9: =AZ9-AY9*10 -> -30000000 | BB9: =BA9+N25 -> -29999997
B10: 3 | C10: =IFERROR(VLOOKUP($B10,$AN$7:$AS$11,C$5,FALSE),"") -> Uzbekistán | D10: =IFERROR(VLOOKUP($B10,$AN$7:$AS$11,D$5,FALSE),"") -> 3 | E10: =IFERROR(VLOOKUP($B10,$AN$7:$AS$11,E$5,FALSE),"") -> 0 | F10: =IFERROR(VLOOKUP($B10,$AN$7:$AS$11,F$5,FALSE),"") -> 0 | G10: =IFERROR(VLOOKUP($B10,$AN$7:$AS$11,G$5,FALSE),"") -> 0 | I10: 48 | J10: 46196 | K10: Colombia | N10: Congo | AG10: =IF(OR(L10="",M10=""),1,0) -> 1 | AI10: =CONCATENATE(K10,"_",N10) -> Colombia_Congo | AJ10: =IF(L10>M10,3,IF(L10<M10,0,1)) -> 1 | AK10: =IF(AJ10=3,0,IF(AJ10=1,1,3)) -> 1 | AL10: =IF(AJ10>AK10,K10,IF(AK10>AJ10,N10,"SIN GANADOR")) -> SIN GANADOR | AN10: =_xlfn.RANK.EQ(BB10,BB$7:BB$11,1) -> 4 | AO10: =J26 -> Colombia | AP10: =SUMIF($K$7:$K$12,AO10,$AJ$7:$AJ$12) + SUMIF($N$7:$N$12,AO10,$AK$7:$AK$12) -> 3 | AQ10: =AR10-AS10 -> 0 | AR10: =SUMIF($K$7:$K$12,AO10,$L$7:$L$12) + SUMIF($N$7:$N$12,AO10,$M$7:$M$12) -> 0 | AS10: =SUMIF($K$7:$K$12,AO10,$M$7:$M$12) + SUMIF($N$7:$N$12,AO10,$L$7:$L$12) -> 0 | AV10: =AO10 -> Colombia | AW10: =IF(AZ10=AZ7,AV7,IF(AZ10=AZ8,AV8,IF(AZ10=AZ9,AV9,""))) -> Portugal | AX10: =IF(AW10="","",IFERROR(VLOOKUP(CONCATENATE(AV10,"_",AW10),$AI$7:$AL$16,4,FALSE),VLOOKUP(CONCATENATE(AW10,"_",AV10),$AI$7:$AL$16,4,FALSE))) -> SIN GANADOR | AY10: =IF(AX10="",1,IF(AX10=AV10,1,0)) -> 0 | AZ10: =-AP10*10000000 - AQ10*10000 - AR10*100 -> -30000000 | BA10: =AZ10-AY10*10 -> -30000000 | BB10: =BA10+N26 -> -29999996
B11: 4 | C11: =IFERROR(VLOOKUP($B11,$AN$7:$AS$11,C$5,FALSE),"") -> Colombia | D11: =IFERROR(VLOOKUP($B11,$AN$7:$AS$11,D$5,FALSE),"") -> 3 | E11: =IFERROR(VLOOKUP($B11,$AN$7:$AS$11,E$5,FALSE),"") -> 0 | F11: =IFERROR(VLOOKUP($B11,$AN$7:$AS$11,F$5,FALSE),"") -> 0 | G11: =IFERROR(VLOOKUP($B11,$AN$7:$AS$11,G$5,FALSE),"") -> 0 | I11: 69 | J11: 46200 | K11: Colombia | N11: Portugal | AG11: =IF(OR(L11="",M11=""),1,0) -> 1 | AI11: =CONCATENATE(K11,"_",N11) -> Colombia_Portugal | AJ11: =IF(L11>M11,3,IF(L11<M11,0,1)) -> 1 | AK11: =IF(AJ11=3,0,IF(AJ11=1,1,3)) -> 1 | AL11: =IF(AJ11>AK11,K11,IF(AK11>AJ11,N11,"SIN GANADOR")) -> SIN GANADOR
I12: 70 | J12: 46200 | K12: Congo | N12: Uzbekistán | AG12: =IF(OR(L12="",M12=""),1,0) -> 1 | AI12: =CONCATENATE(K12,"_",N12) -> Congo_Uzbekistán | AJ12: =IF(L12>M12,3,IF(L12<M12,0,1)) -> 1 | AK12: =IF(AJ12=3,0,IF(AJ12=1,1,3)) -> 1 | AL12: =IF(AJ12>AK12,K12,IF(AK12>AJ12,N12,"SIN GANADOR")) -> SIN GANADOR
AG13: =IF(SUM(AG7:AG12)>0,1,0) -> 1
B22: El recuadro de la derecha sirve para desempatar, en caso de que haya empate entre | I22: 1 | J22: Escoja por prioridad los siguientes equipos:
B23: uno o más equipos en todos los criterios considerados. | I23: =IF(J23="",0,1) -> 1 | J23: Portugal | M23: 1 | N23: =IF(J23="",0,M23) -> 1
B24: Para utilizarlo, asigne una prioridad entre 1 y 5 (siendo más bajo mejor) a cada equipo. | I24: =IF(J24="",0,1) -> 1 | J24: Congo | M24: 2 | N24: =IF(J24="",0,M24) -> 2
B25: Puede pensarlo como el lugar que quedarían en la tabla de posiciones. | I25: =IF(J25="",0,1) -> 1 | J25: Uzbekistán | M25: 3 | N25: =IF(J25="",0,M25) -> 3
B26: A modo de ejemplo, si su predicción es que todos los partidos terminan 0-0, el orden | I26: =IF(J26="",0,1) -> 1 | J26: Colombia | M26: 4 | N26: =IF(J26="",0,M26) -> 4
B27: asignado en este recuadro es el que finalmente quedará en la tabla de posiciones. | N27: =IF(J27="",0,M27) -> 0

Sheet GRUPO L
B3: GRUPO L
C5: 2 | D5: 3 | E5: 5 | F5: 6 | G5: 4
B6: Tabla de Posiciones | J6: Fecha | K6: Partidos | AJ6: 1 | AK6: 2 | AL6: Ganador | AN6: Orden | AO6: Equipo | AP6: Puntos | AQ6: DG | AR6: GF | AS6: GC | AV6: Equipo | AW6: Empatado Con | AX6: Ganador | AY6: Ganador? | AZ6: Formula Rank | BA6: Formula Rank Con Duelo Directo | BB6: Formula Rank Con Prioridad
B7: Posición | C7: Equipo | D7: Puntos | E7: GF | F7: GC | G7: DG | I7: 22 | J7: 46190 | K7: Inglaterra | N7: Croacia | AG7: =IF(OR(L7="",M7=""),1,0) -> 1 | AI7: =CONCATENATE(K7,"_",N7) -> Inglaterra_Croacia | AJ7: =IF(L7>M7,3,IF(L7<M7,0,1)) -> 1 | AK7: =IF(AJ7=3,0,IF(AJ7=1,1,3)) -> 1 | AL7: =IF(AJ7>AK7,K7,IF(AK7>AJ7,N7,"SIN GANADOR")) -> SIN GANADOR | AN7: =_xlfn.RANK.EQ(BB7,BB$7:BB$11,1) -> 1 | AO7: =J23 -> Inglaterra | AP7: =SUMIF($K$7:$K$12,AO7,$AJ$7:$AJ$12) + SUMIF($N$7:$N$12,AO7,$AK$7:$AK$12) -> 3 | AQ7: =AR7-AS7 -> 0 | AR7: =SUMIF($K$7:$K$12,AO7,$L$7:$L$12) + SUMIF($N$7:$N$12,AO7,$M$7:$M$12) -> 0 | AS7: =SUMIF($K$7:$K$12,AO7,$M$7:$M$12) + SUMIF($N$7:$N$12,AO7,$L$7:$L$12) -> 0 | AV7: =AO7 -> Inglaterra | AW7: =IF(AZ7=AZ8,AV8,IF(AZ7=AZ9,AV9,IF(AZ7=AZ10,AV10,""))) -> Croacia | AX7: =IF(AW7="","",IFERROR(VLOOKUP(CONCATENATE(AV7,"_",AW7),$AI$7:$AL$16,4,FALSE),VLOOKUP(CONCATENATE(AW7,"_",AV7),$AI$7:$AL$16,4,FALSE))) -> SIN GANADOR | AY7: =IF(AX7="",1,IF(AX7=AV7,1,0)) -> 0 | AZ7: =-AP7*10000000 - AQ7*10000 - AR7*100 -> -30000000 | BA7: =AZ7-AY7*10 -> -30000000 | BB7: =BA7+N23 -> -29999999
B8: 1 | C8: =IFERROR(VLOOKUP($B8,$AN$7:$AS$11,C$5,FALSE),"") -> Inglaterra | D8: =IFERROR(VLOOKUP($B8,$AN$7:$AS$11,D$5,FALSE),"") -> 3 | E8: =IFERROR(VLOOKUP($B8,$AN$7:$AS$11,E$5,FALSE),"") -> 0 | F8: =IFERROR(VLOOKUP($B8,$AN$7:$AS$11,F$5,FALSE),"") -> 0 | G8: =IFERROR(VLOOKUP($B8,$AN$7:$AS$11,G$5,FALSE),"") -> 0 | I8: 23 | J8: 46190 | K8: Ghana | N8: Panamá | AG8: =IF(OR(L8="",M8=""),1,0) -> 1 | AI8: =CONCATENATE(K8,"_",N8) -> Ghana_Panamá | AJ8: =IF(L8>M8,3,IF(L8<M8,0,1)) -> 1 | AK8: =IF(AJ8=3,0,IF(AJ8=1,1,3)) -> 1 | AL8: =IF(AJ8>AK8,K8,IF(AK8>AJ8,N8,"SIN GANADOR")) -> SIN GANADOR | AN8: =_xlfn.RANK.EQ(BB8,BB$7:BB$11,1) -> 2 | AO8: =J24 -> Croacia | AP8: =SUMIF($K$7:$K$12,AO8,$AJ$7:$AJ$12) + SUMIF($N$7:$N$12,AO8,$AK$7:$AK$12) -> 3 | AQ8: =AR8-AS8 -> 0 | AR8: =SUMIF($K$7:$K$12,AO8,$L$7:$L$12) + SUMIF($N$7:$N$12,AO8,$M$7:$M$12) -> 0 | AS8: =SUMIF($K$7:$K$12,AO8,$M$7:$M$12) + SUMIF($N$7:$N$12,AO8,$L$7:$L$12) -> 0 | AV8: =AO8 -> Croacia | AW8: =IF(AZ8=AZ9,AV9,IF(AZ8=AZ10,AV10,IF(AZ8=AZ7,AV7,""))) -> Ghana | AX8: =IF(AW8="","",IFERROR(VLOOKUP(CONCATENATE(AV8,"_",AW8),$AI$7:$AL$16,4,FALSE),VLOOKUP(CONCATENATE(AW8,"_",AV8),$AI$7:$AL$16,4,FALSE))) -> SIN GANADOR | AY8: =IF(AX8="",1,IF(AX8=AV8,1,0)) -> 0 | AZ8: =-AP8*10000000 - AQ8*10000 - AR8*100 -> -30000000 | BA8: =AZ8-AY8*10 -> -30000000 | BB8: =BA8+N24 -> -29999998
B9: 2 | C9: =IFERROR(VLOOKUP($B9,$AN$7:$AS$11,C$5,FALSE),"") -> Croacia | D9: =IFERROR(VLOOKUP($B9,$AN$7:$AS$11,D$5,FALSE),"") -> 3 | E9: =IFERROR(VLOOKUP($B9,$AN$7:$AS$11,E$5,FALSE),"") -> 0 | F9: =IFERROR(VLOOKUP($B9,$AN$7:$AS$11,F$5,FALSE),"") -> 0 | G9: =IFERROR(VLOOKUP($B9,$AN$7:$AS$11,G$5,FALSE),"") -> 0 | I9: 46 | J9: 46196 | K9: Inglaterra | N9: Ghana | AG9: =IF(OR(L9="",M9=""),1,0) -> 1 | AI9: =CONCATENATE(K9,"_",N9) -> Inglaterra_Ghana | AJ9: =IF(L9>M9,3,IF(L9<M9,0,1)) -> 1 | AK9: =IF(AJ9=3,0,IF(AJ9=1,1,3)) -> 1 | AL9: =IF(AJ9>AK9,K9,IF(AK9>AJ9,N9,"SIN GANADOR")) -> SIN GANADOR | AN9: =_xlfn.RANK.EQ(BB9,BB$7:BB$11,1) -> 3 | AO9: =J25 -> Ghana | AP9: =SUMIF($K$7:$K$12,AO9,$AJ$7:$AJ$12) + SUMIF($N$7:$N$12,AO9,$AK$7:$AK$12) -> 3 | AQ9: =AR9-AS9 -> 0 | AR9: =SUMIF($K$7:$K$12,AO9,$L$7:$L$12) + SUMIF($N$7:$N$12,AO9,$M$7:$M$12) -> 0 | AS9: =SUMIF($K$7:$K$12,AO9,$M$7:$M$12) + SUMIF($N$7:$N$12,AO9,$L$7:$L$12) -> 0 | AV9: =AO9 -> Ghana | AW9: =IF(AZ9=AZ10,AV10,IF(AZ9=AZ7,AV7,IF(AZ9=AZ8,AV8,""))) -> Panamá | AX9: =IF(AW9="","",IFERROR(VLOOKUP(CONCATENATE(AV9,"_",AW9),$AI$7:$AL$16,4,FALSE),VLOOKUP(CONCATENATE(AW9,"_",AV9),$AI$7:$AL$16,4,FALSE))) -> SIN GANADOR | AY9: =IF(AX9="",1,IF(AX9=AV9,1,0)) -> 0 | AZ9: =-AP9*10000000 - AQ9*10000 - AR9*100 -> -30000000 | BA9: =AZ9-AY9*10 -> -30000000 | BB9: =BA9+N25 -> -29999997
B10: 3 | C10: =IFERROR(VLOOKUP($B10,$AN$7:$AS$11,C$5,FALSE),"") -> Ghana | D10: =IFERROR(VLOOKUP($B10,$AN$7:$AS$11,D$5,FALSE),"") -> 3 | E10: =IFERROR(VLOOKUP($B10,$AN$7:$AS$11,E$5,FALSE),"") -> 0 | F10: =IFERROR(VLOOKUP($B10,$AN$7:$AS$11,F$5,FALSE),"") -> 0 | G10: =IFERROR(VLOOKUP($B10,$AN$7:$AS$11,G$5,FALSE),"") -> 0 | I10: 47 | J10: 46196 | K10: Panamá | N10: Croacia | AG10: =IF(OR(L10="",M10=""),1,0) -> 1 | AI10: =CONCATENATE(K10,"_",N10) -> Panamá_Croacia | AJ10: =IF(L10>M10,3,IF(L10<M10,0,1)) -> 1 | AK10: =IF(AJ10=3,0,IF(AJ10=1,1,3)) -> 1 | AL10: =IF(AJ10>AK10,K10,IF(AK10>AJ10,N10,"SIN GANADOR")) -> SIN GANADOR | AN10: =_xlfn.RANK.EQ(BB10,BB$7:BB$11,1) -> 4 | AO10: =J26 -> Panamá | AP10: =SUMIF($K$7:$K$12,AO10,$AJ$7:$AJ$12) + SUMIF($N$7:$N$12,AO10,$AK$7:$AK$12) -> 3 | AQ10: =AR10-AS10 -> 0 | AR10: =SUMIF($K$7:$K$12,AO10,$L$7:$L$12) + SUMIF($N$7:$N$12,AO10,$M$7:$M$12) -> 0 | AS10: =SUMIF($K$7:$K$12,AO10,$M$7:$M$12) + SUMIF($N$7:$N$12,AO10,$L$7:$L$12) -> 0 | AV10: =AO10 -> Panamá | AW10: =IF(AZ10=AZ7,AV7,IF(AZ10=AZ8,AV8,IF(AZ10=AZ9,AV9,""))) -> Inglaterra | AX10: =IF(AW10="","",IFERROR(VLOOKUP(CONCATENATE(AV10,"_",AW10),$AI$7:$AL$16,4,FALSE),VLOOKUP(CONCATENATE(AW10,"_",AV10),$AI$7:$AL$16,4,FALSE))) -> SIN GANADOR | AY10: =IF(AX10="",1,IF(AX10=AV10,1,0)) -> 0 | AZ10: =-AP10*10000000 - AQ10*10000 - AR10*100 -> -30000000 | BA10: =AZ10-AY10*10 -> -30000000 | BB10: =BA10+N26 -> -29999996
B11: 4 | C11: =IFERROR(VLOOKUP($B11,$AN$7:$AS$11,C$5,FALSE),"") -> Panamá | D11: =IFERROR(VLOOKUP($B11,$AN$7:$AS$11,D$5,FALSE),"") -> 3 | E11: =IFERROR(VLOOKUP($B11,$AN$7:$AS$11,E$5,FALSE),"") -> 0 | F11: =IFERROR(VLOOKUP($B11,$AN$7:$AS$11,F$5,FALSE),"") -> 0 | G11: =IFERROR(VLOOKUP($B11,$AN$7:$AS$11,G$5,FALSE),"") -> 0 | I11: 67 | J11: 46200 | K11: Panamá | N11: Inglaterra | AG11: =IF(OR(L11="",M11=""),1,0) -> 1 | AI11: =CONCATENATE(K11,"_",N11) -> Panamá_Inglaterra | AJ11: =IF(L11>M11,3,IF(L11<M11,0,1)) -> 1 | AK11: =IF(AJ11=3,0,IF(AJ11=1,1,3)) -> 1 | AL11: =IF(AJ11>AK11,K11,IF(AK11>AJ11,N11,"SIN GANADOR")) -> SIN GANADOR
I12: 68 | J12: 46200 | K12: Croacia | N12: Ghana | AG12: =IF(OR(L12="",M12=""),1,0) -> 1 | AI12: =CONCATENATE(K12,"_",N12) -> Croacia_Ghana | AJ12: =IF(L12>M12,3,IF(L12<M12,0,1)) -> 1 | AK12: =IF(AJ12=3,0,IF(AJ12=1,1,3)) -> 1 | AL12: =IF(AJ12>AK12,K12,IF(AK12>AJ12,N12,"SIN GANADOR")) -> SIN GANADOR
AG13: =IF(SUM(AG7:AG12)>0,1,0) -> 1
B22: El recuadro de la derecha sirve para desempatar, en caso de que haya empate entre | I22: 1 | J22: Escoja por prioridad los siguientes equipos:
B23: uno o más equipos en todos los criterios considerados. | I23: =IF(J23="",0,1) -> 1 | J23: Inglaterra | M23: 1 | N23: =IF(J23="",0,M23) -> 1
B24: Para utilizarlo, asigne una prioridad entre 1 y 5 (siendo más bajo mejor) a cada equipo. | I24: =IF(J24="",0,1) -> 1 | J24: Croacia | M24: 2 | N24: =IF(J24="",0,M24) -> 2
B25: Puede pensarlo como el lugar que quedarían en la tabla de posiciones. | I25: =IF(J25="",0,1) -> 1 | J25: Ghana | M25: 3 | N25: =IF(J25="",0,M25) -> 3
B26: A modo de ejemplo, si su predicción es que todos los partidos terminan 0-0, el orden | I26: =IF(J26="",0,1) -> 1 | J26: Panamá | M26: 4 | N26: =IF(J26="",0,M26) -> 4
B27: asignado en este recuadro es el que finalmente quedará en la tabla de posiciones. | N27: =IF(J27="",0,M27) -> 0

Sheet Mejores Terceros
AQ2: Orden Alf | AR2: Grupos Clasificados | AV2: Combinación Ganadora | AW2: Nid Combinación | AY2: Combinación | BK2: 1A | BL2: 1B | BM2: 1D | BN2: 1E | BO2: 1G | BP2: 1I | BQ2: 1K | BR2: 1L
B3: MEJORES TERCEROS | AQ3: =COUNTIF($AR$3:$AR$10,"<"&AR3)+1 -> 1 | AR3: =C8 -> A | AS3: 1 | AT3: =VLOOKUP(AS3,$AQ$3:$AR$10,2,FALSE) -> A | AV3: =CONCATENATE(AT3,AT4,AT5,AT6,AT7,AT8,AT9,AT10) -> ABCDEFGH | AW3: =AY3&AZ3&BA3&BB3&BC3&BD3&BE3&BF3&BG3&BH3&BI3&BJ3 -> EFGHIJKL | AX3: 1 | BC3: E | BD3: F | BE3: G | BF3: H | BG3: I | BH3: J | BI3: K | BJ3: L | BK3: 3E | BL3: 3J | BM3: 3I | BN3: 3F | BO3: 3H | BP3: 3G | BQ3: 3L | BR3: 3K
AQ4: =COUNTIF($AR$3:$AR$10,"<"&AR4)+1 -> 2 | AR4: =C9 -> B | AS4: 2 | AT4: =VLOOKUP(AS4,$AQ$3:$AR$10,2,FALSE) -> B | AV4: =MATCH(AV3,AW3:AW497,0)+2 -> 497 | AW4: =AY4&AZ4&BA4&BB4&BC4&BD4&BE4&BF4&BG4&BH4&BI4&BJ4 -> DFGHIJKL | AX4: 2 | BB4: D | BD4: F | BE4: G | BF4: H | BG4: I | BH4: J | BI4: K | BJ4: L | BK4: 3H | BL4: 3G | BM4: 3I | BN4: 3D | BO4: 3J | BP4: 3F | BQ4: 3L | BR4: 3K
C5: 2 | D5: 4 | E5: 5 | F5: 6 | G5: 7 | H5: 8 | AQ5: =COUNTIF($AR$3:$AR$10,"<"&AR5)+1 -> 3 | AR5: =C10 -> C | AS5: 3 | AT5: =VLOOKUP(AS5,$AQ$3:$AR$10,2,FALSE) -> C | AW5: =AY5&AZ5&BA5&BB5&BC5&BD5&BE5&BF5&BG5&BH5&BI5&BJ5 -> DEGHIJKL | AX5: 3 | BB5: D | BC5: E | BE5: G | BF5: H | BG5: I | BH5: J | BI5: K | BJ5: L | BK5: 3E | BL5: 3J | BM5: 3I | BN5: 3D | BO5: 3H | BP5: 3G | BQ5: 3L | BR5: 3K
B6: Tabla de Posiciones | AE6: C | AF6: D | AG6: E | AH6: F | AI6: G | AQ6: =COUNTIF($AR$3:$AR$10,"<"&AR6)+1 -> 4 | AR6: =C11 -> D | AS6: 4 | AT6: =VLOOKUP(AS6,$AQ$3:$AR$10,2,FALSE) -> D | AW6: =AY6&AZ6&BA6&BB6&BC6&BD6&BE6&BF6&BG6&BH6&BI6&BJ6 -> DEFHIJKL | AX6: 4 | BB6: D | BC6: E | BD6: F | BF6: H | BG6: I | BH6: J | BI6: K | BJ6: L | BK6: 3E | BL6: 3J | BM6: 3I | BN6: 3D | BO6: 3H | BP6: 3F | BQ6: 3L | BR6: 3K
B7: Posición | C7: Grupo | D7: Equipo | E7: Puntos | F7: GF | G7: GC | H7: DG | J7: El recuadro de la derecha sirve para desempatar, en caso de que haya empate entre | Q7: 1 | R7: Escoja por prioridad los siguientes equipos: | AF7: Equipo | AG7: Puntos | AH7: GF | AI7: GC | AJ7: DG | AK7: Pr 1 | AL7: Pr Fija | AQ7: =COUNTIF($AR$3:$AR$10,"<"&AR7)+1 -> 5 | AR7: =C12 -> E | AS7: 5 | AT7: =VLOOKUP(AS7,$AQ$3:$AR$10,2,FALSE) -> E | AW7: =AY7&AZ7&BA7&BB7&BC7&BD7&BE7&BF7&BG7&BH7&BI7&BJ7 -> DEFGIJKL | AX7: 5 | BB7: D | BC7: E | BD7: F | BE7: G | BG7: I | BH7: J | BI7: K | BJ7: L | BK7: 3E | BL7: 3G | BM7: 3I | BN7: 3D | BO7: 3J | BP7: 3F | BQ7: 3L | BR7: 3K
B8: 1 | C8: =VLOOKUP($B8,$AC$8:$AL$19,C$5,FALSE) -> A | D8: =VLOOKUP($B8,$AC$8:$AL$19,D$5,FALSE) -> Corea | E8: =VLOOKUP($B8,$AC$8:$AL$19,E$5,FALSE) -> 3 | F8: =VLOOKUP($B8,$AC$8:$AL$19,F$5,FALSE) -> 0 | G8: =VLOOKUP($B8,$AC$8:$AL$19,G$5,FALSE) -> 0 | H8: =VLOOKUP($B8,$AC$8:$AL$19,H$5,FALSE) -> 0 | J8: uno o más equipos en todos los criterios considerados. | Q8: =IF(R8="",0,1) -> 1 | R8: =AF8 -> Corea | U8: 1 | AB8: =AG8*100000000 + AJ8*1000000 + AH8*10000 - AK8*100 - AL8 -> 299999899 | AC8: =_xlfn.RANK.EQ(AB8,$AB$8:$AB$19) -> 1 | AD8: =RIGHT(AE8, 1) -> A | AE8: GRUPO A | AF8: =INDIRECT("'"&$AE8&"'"&"!"&AE$6&"10") -> Corea | AG8: =INDIRECT("'"&$AE8&"'"&"!"&AF$6&"10") -> 3 | AH8: =INDIRECT("'"&$AE8&"'"&"!"&AG$6&"10") -> 0 | AI8: =INDIRECT("'"&$AE8&"'"&"!"&AH$6&"10") -> 0 | AJ8: =INDIRECT("'"&$AE8&"'"&"!"&AI$6&"10") -> 0 | AK8: =U8 -> 1 | AL8: 1 | AQ8: =COUNTIF($AR$3:$AR$10,"<"&AR8)+1 -> 6 | AR8: =C13 -> F | AS8: 6 | AT8: =VLOOKUP(AS8,$AQ$3:$AR$10,2,FALSE) -> F | AW8: =AY8&AZ8&BA8&BB8&BC8&BD8&BE8&BF8&BG8&BH8&BI8&BJ8 -> DEFGHJKL | AX8: 6 | BB8: D | BC8: E | BD8: F | BE8: G | BF8: H | BH8: J | BI8: K | BJ8: L | BK8: 3E | BL8: 3G | BM8: 3J | BN8: 3D | BO8: 3H | BP8: 3F | BQ8: 3L | BR8: 3K
B9: 2 | C9: =VLOOKUP($B9,$AC$8:$AL$19,C$5,FALSE) -> B | D9: =VLOOKUP($B9,$AC$8:$AL$19,D$5,FALSE) -> Suiza | E9: =VLOOKUP($B9,$AC$8:$AL$19,E$5,FALSE) -> 3 | F9: =VLOOKUP($B9,$AC$8:$AL$19,F$5,FALSE) -> 0 | G9: =VLOOKUP($B9,$AC$8:$AL$19,G$5,FALSE) -> 0 | H9: =VLOOKUP($B9,$AC$8:$AL$19,H$5,FALSE) -> 0 | J9: Para utilizarlo, asigne una prioridad entre 1 y 5 (siendo más bajo mejor) a cada equipo. | Q9: =IF(R17="",0,1) -> 1 | R9: =AF9 -> Suiza | U9: 2 | AB9: =AG9*100000000 + AJ9*1000000 + AH9*10000 - AK9*100 - AL9 -> 299999798 | AC9: =_xlfn.RANK.EQ(AB9,$AB$8:$AB$19) -> 2 | AD9: =RIGHT(AE9, 1) -> B | AE9: GRUPO B | AF9: =INDIRECT("'"&$AE9&"'"&"!"&AE$6&"10") -> Suiza | AG9: =INDIRECT("'"&$AE9&"'"&"!"&AF$6&"10") -> 3 | AH9: =INDIRECT("'"&$AE9&"'"&"!"&AG$6&"10") -> 0 | AI9: =INDIRECT("'"&$AE9&"'"&"!"&AH$6&"10") -> 0 | AJ9: =INDIRECT("'"&$AE9&"'"&"!"&AI$6&"10") -> 0 | AK9: =U9 -> 2 | AL9: =AL8+1 -> 2 | AQ9: =COUNTIF($AR$3:$AR$10,"<"&AR9)+1 -> 7 | AR9: =C14 -> G | AS9: 7 | AT9: =VLOOKUP(AS9,$AQ$3:$AR$10,2,FALSE) -> G | AW9: =AY9&AZ9&BA9&BB9&BC9&BD9&BE9&BF9&BG9&BH9&BI9&BJ9 -> DEFGHIKL | AX9: 7 | BB9: D | BC9: E | BD9: F | BE9: G | BF9: H | BG9: I | BI9: K | BJ9: L | BK9: 3E | BL9: 3G | BM9: 3I | BN9: 3D | BO9: 3H | BP9: 3F | BQ9: 3L | BR9: 3K
B10: 3 | C10: =VLOOKUP($B10,$AC$8:$AL$19,C$5,FALSE) -> C | D10: =VLOOKUP($B10,$AC$8:$AL$19,D$5,FALSE) -> Haití | E10: =VLOOKUP($B10,$AC$8:$AL$19,E$5,FALSE) -> 3 | F10: =VLOOKUP($B10,$AC$8:$AL$19,F$5,FALSE) -> 0 | G10: =VLOOKUP($B10,$AC$8:$AL$19,G$5,FALSE) -> 0 | H10: =VLOOKUP($B10,$AC$8:$AL$19,H$5,FALSE) -> 0 | J10: Puede pensarlo como el lugar que quedarían en la tabla de posiciones. | Q10: =IF(R18="",0,1) -> 1 | R10: =AF10 -> Haití | U10: 3 | AB10: =AG10*100000000 + AJ10*1000000 + AH10*10000 - AK10*100 - AL10 -> 299999697 | AC10: =_xlfn.RANK.EQ(AB10,$AB$8:$AB$19) -> 3 | AD10: =RIGHT(AE10, 1) -> C | AE10: GRUPO C | AF10: =INDIRECT("'"&$AE10&"'"&"!"&AE$6&"10") -> Haití | AG10: =INDIRECT("'"&$AE10&"'"&"!"&AF$6&"10") -> 3 | AH10: =INDIRECT("'"&$AE10&"'"&"!"&AG$6&"10") -> 0 | AI10: =INDIRECT("'"&$AE10&"'"&"!"&AH$6&"10") -> 0 | AJ10: =INDIRECT("'"&$AE10&"'"&"!"&AI$6&"10") -> 0 | AK10: =U10 -> 3 | AL10: =AL9+1 -> 3 | AQ10: =COUNTIF($AR$3:$AR$10,"<"&AR10)+1 -> 8 | AR10: =C15 -> H | AS10: 8 | AT10: =VLOOKUP(AS10,$AQ$3:$AR$10,2,FALSE) -> H | AW10: =AY10&AZ10&BA10&BB10&BC10&BD10&BE10&BF10&BG10&BH10&BI10&BJ10 -> DEFGHIJL | AX10: 8 | BB10: D | BC10: E | BD10: F | BE10: G | BF10: H | BG10: I | BH10: J | BJ10: L | BK10: 3E | BL10: 3G | BM10: 3J | BN10: 3D | BO10: 3H | BP10: 3F | BQ10: 3L | BR10: 3I
B11: 4 | C11: =VLOOKUP($B11,$AC$8:$AL$19,C$5,FALSE) -> D | D11: =VLOOKUP($B11,$AC$8:$AL$19,D$5,FALSE) -> Australia | E11: =VLOOKUP($B11,$AC$8:$AL$19,E$5,FALSE) -> 3 | F11: =VLOOKUP($B11,$AC$8:$AL$19,F$5,FALSE) -> 0 | G11: =VLOOKUP($B11,$AC$8:$AL$19,G$5,FALSE) -> 0 | H11: =VLOOKUP($B11,$AC$8:$AL$19,H$5,FALSE) -> 0 | J11: A modo de ejemplo, si su predicción es que todos los partidos terminan 0-0, el orden | Q11: =IF(R19="",0,1) -> 1 | R11: =AF11 -> Australia | U11: 4 | AB11: =AG11*100000000 + AJ11*1000000 + AH11*10000 - AK11*100 - AL11 -> 299999596 | AC11: =_xlfn.RANK.EQ(AB11,$AB$8:$AB$19) -> 4 | AD11: =RIGHT(AE11, 1) -> D | AE11: GRUPO D | AF11: =INDIRECT("'"&$AE11&"'"&"!"&AE$6&"10") -> Australia | AG11: =INDIRECT("'"&$AE11&"'"&"!"&AF$6&"10") -> 3 | AH11: =INDIRECT("'"&$AE11&"'"&"!"&AG$6&"10") -> 0 | AI11: =INDIRECT("'"&$AE11&"'"&"!"&AH$6&"10") -> 0 | AJ11: =INDIRECT("'"&$AE11&"'"&"!"&AI$6&"10") -> 0 | AK11: =U11 -> 4 | AL11: =AL10+1 -> 4 | AW11: =AY11&AZ11&BA11&BB11&BC11&BD11&BE11&BF11&BG11&BH11&BI11&BJ11 -> DEFGHIJK | AX11: 9 | BB11: D | BC11: E | BD11: F | BE11: G | BF11: H | BG11: I | BH11: J | BI11: K | BK11: 3E | BL11: 3G | BM11: 3J | BN11: 3D | BO11: 3H | BP11: 3F | BQ11: 3I | BR11: 3K
B12: 5 | C12: =VLOOKUP($B12,$AC$8:$AL$19,C$5,FALSE) -> E | D12: =VLOOKUP($B12,$AC$8:$AL$19,D$5,FALSE) -> Costa de Marfil | E12: =VLOOKUP($B12,$AC$8:$AL$19,E$5,FALSE) -> 3 | F12: =VLOOKUP($B12,$AC$8:$AL$19,F$5,FALSE) -> 0 | G12: =VLOOKUP($B12,$AC$8:$AL$19,G$5,FALSE) -> 0 | H12: =VLOOKUP($B12,$AC$8:$AL$19,H$5,FALSE) -> 0 | J12: asignado en este recuadro es el que finalmente quedará en la tabla de posiciones. | R12: =AF12 -> Costa de Marfil | U12: 5 | AB12: =AG12*100000000 + AJ12*1000000 + AH12*10000 - AK12*100 - AL12 -> 299999495 | AC12: =_xlfn.RANK.EQ(AB12,$AB$8:$AB$19) -> 5 | AD12: =RIGHT(AE12, 1) -> E | AE12: GRUPO E | AF12: =INDIRECT("'"&$AE12&"'"&"!"&AE$6&"10") -> Costa de Marfil | AG12: =INDIRECT("'"&$AE12&"'"&"!"&AF$6&"10") -> 3 | AH12: =INDIRECT("'"&$AE12&"'"&"!"&AG$6&"10") -> 0 | AI12: =INDIRECT("'"&$AE12&"'"&"!"&AH$6&"10") -> 0 | AJ12: =INDIRECT("'"&$AE12&"'"&"!"&AI$6&"10") -> 0 | AK12: =U12 -> 5 | AL12: =AL11+1 -> 5 | AW12: =AY12&AZ12&BA12&BB12&BC12&BD12&BE12&BF12&BG12&BH12&BI12&BJ12 -> CFGHIJKL | AX12: 10 | BA12: C | BD12: F | BE12: G | BF12: H | BG12: I | BH12: J | BI12: K | BJ12: L | BK12: 3H | BL12: 3G | BM12: 3I | BN12: 3C | BO12: 3J | BP12: 3F | BQ12: 3L | BR12: 3K
B13: 6 | C13: =VLOOKUP($B13,$AC$8:$AL$19,C$5,FALSE) -> F | D13: =VLOOKUP($B13,$AC$8:$AL$19,D$5,FALSE) -> Suecia | E13: =VLOOKUP($B13,$AC$8:$AL$19,E$5,FALSE) -> 3 | F13: =VLOOKUP($B13,$AC$8:$AL$19,F$5,FALSE) -> 0 | G13: =VLOOKUP($B13,$AC$8:$AL$19,G$5,FALSE) -> 0 | H13: =VLOOKUP($B13,$AC$8:$AL$19,H$5,FALSE) -> 0 | R13: =AF13 -> Suecia | U13: 6 | AB13: =AG13*100000000 + AJ13*1000000 + AH13*10000 - AK13*100 - AL13 -> 299999394 | AC13: =_xlfn.RANK.EQ(AB13,$AB$8:$AB$19) -> 6 | AD13: =RIGHT(AE13, 1) -> F | AE13: GRUPO F | AF13: =INDIRECT("'"&$AE13&"'"&"!"&AE$6&"10") -> Suecia | AG13: =INDIRECT("'"&$AE13&"'"&"!"&AF$6&"10") -> 3 | AH13: =INDIRECT("'"&$AE13&"'"&"!"&AG$6&"10") -> 0 | AI13: =INDIRECT("'"&$AE13&"'"&"!"&AH$6&"10") -> 0 | AJ13: =INDIRECT("'"&$AE13&"'"&"!"&AI$6&"10") -> 0 | AK13: =U13 -> 6 | AL13: =AL12+1 -> 6 | AW13: =AY13&AZ13&BA13&BB13&BC13&BD13&BE13&BF13&BG13&BH13&BI13&BJ13 -> CEGHIJKL | AX13: 11 | BA13: C | BC13: E | BE13: G | BF13: H | BG13: I | BH13: J | BI13: K | BJ13: L | BK13: 3E | BL13: 3J | BM13: 3I | BN13: 3C | BO13: 3H | BP13: 3G | BQ13: 3L | BR13: 3K
B14: 7 | C14: =VLOOKUP($B14,$AC$8:$AL$19,C$5,FALSE) -> G | D14: =VLOOKUP($B14,$AC$8:$AL$19,D$5,FALSE) -> Irán | E14: =VLOOKUP($B14,$AC$8:$AL$19,E$5,FALSE) -> 3 | F14: =VLOOKUP($B14,$AC$8:$AL$19,F$5,FALSE) -> 0 | G14: =VLOOKUP($B14,$AC$8:$AL$19,G$5,FALSE) -> 0 | H14: =VLOOKUP($B14,$AC$8:$AL$19,H$5,FALSE) -> 0 | R14: =AF14 -> Irán | U14: 7 | AB14: =AG14*100000000 + AJ14*1000000 + AH14*10000 - AK14*100 - AL14 -> 299999293 | AC14: =_xlfn.RANK.EQ(AB14,$AB$8:$AB$19) -> 7 | AD14: =RIGHT(AE14, 1) -> G | AE14: GRUPO G | AF14: =INDIRECT("'"&$AE14&"'"&"!"&AE$6&"10") -> Irán | AG14: =INDIRECT("'"&$AE14&"'"&"!"&AF$6&"10") -> 3 | AH14: =INDIRECT("'"&$AE14&"'"&"!"&AG$6&"10") -> 0 | AI14: =INDIRECT("'"&$AE14&"'"&"!"&AH$6&"10") -> 0 | AJ14: =INDIRECT("'"&$AE14&"'"&"!"&AI$6&"10") -> 0 | AK14: =U14 -> 7 | AL14: =AL13+1 -> 7 | AW14: =AY14&AZ14&BA14&BB14&BC14&BD14&BE14&BF14&BG14&BH14&BI14&BJ14 -> CEFHIJKL | AX14: 12 | BA14: C | BC14: E | BD14: F | BF14: H | BG14: I | BH14: J | BI14: K | BJ14: L | BK14: 3E | BL14: 3J | BM14: 3I | BN14: 3C | BO14: 3H | BP14: 3F | BQ14: 3L | BR14: 3K
B15: 8 | C15: =VLOOKUP($B15,$AC$8:$AL$19,C$5,FALSE) -> H | D15: =VLOOKUP($B15,$AC$8:$AL$19,D$5,FALSE) -> Arabia Saudita | E15: =VLOOKUP($B15,$AC$8:$AL$19,E$5,FALSE) -> 3 | F15: =VLOOKUP($B15,$AC$8:$AL$19,F$5,FALSE) -> 0 | G15: =VLOOKUP($B15,$AC$8:$AL$19,G$5,FALSE) -> 0 | H15: =VLOOKUP($B15,$AC$8:$AL$19,H$5,FALSE) -> 0 | R15: =AF15 -> Arabia Saudita | U15: 8 | AB15: =AG15*100000000 + AJ15*1000000 + AH15*10000 - AK15*100 - AL15 -> 299999192 | AC15: =_xlfn.RANK.EQ(AB15,$AB$8:$AB$19) -> 8 | AD15: =RIGHT(AE15, 1) -> H | AE15: GRUPO H | AF15: =INDIRECT("'"&$AE15&"'"&"!"&AE$6&"10") -> Arabia Saudita | AG15: =INDIRECT("'"&$AE15&"'"&"!"&AF$6&"10") -> 3 | AH15: =INDIRECT("'"&$AE15&"'"&"!"&AG$6&"10") -> 0 | AI15: =INDIRECT("'"&$AE15&"'"&"!"&AH$6&"10") -> 0 | AJ15: =INDIRECT("'"&$AE15&"'"&"!"&AI$6&"10") -> 0 | AK15: =U15 -> 8 | AL15: =AL14+1 -> 8 | AW15: =AY15&AZ15&BA15&BB15&BC15&BD15&BE15&BF15&BG15&BH15&BI15&BJ15 -> CEFGIJKL | AX15: 13 | BA15: C | BC15: E | BD15: F | BE15: G | BG15: I | BH15: J | BI15: K | BJ15: L | BK15: 3E | BL15: 3G | BM15: 3I | BN15: 3C | BO15: 3J | BP15: 3F | BQ15: 3L | BR15: 3K
B16: 9 | C16: =VLOOKUP($B16,$AC$8:$AL$19,C$5,FALSE) -> I | D16: =VLOOKUP($B16,$AC$8:$AL$19,D$5,FALSE) -> Irak | E16: =VLOOKUP($B16,$AC$8:$AL$19,E$5,FALSE) -> 3 | F16: =VLOOKUP($B16,$AC$8:$AL$19,F$5,FALSE) -> 0 | G16: =VLOOKUP($B16,$AC$8:$AL$19,G$5,FALSE) -> 0 | H16: =VLOOKUP($B16,$AC$8:$AL$19,H$5,FALSE) -> 0 | R16: =AF16 -> Irak | U16: 9 | AB16: =AG16*100000000 + AJ16*1000000 + AH16*10000 - AK16*100 - AL16 -> 299999091 | AC16: =_xlfn.RANK.EQ(AB16,$AB$8:$AB$19) -> 9 | AD16: =RIGHT(AE16, 1) -> I | AE16: GRUPO I | AF16: =INDIRECT("'"&$AE16&"'"&"!"&AE$6&"10") -> Irak | AG16: =INDIRECT("'"&$AE16&"'"&"!"&AF$6&"10") -> 3 | AH16: =INDIRECT("'"&$AE16&"'"&"!"&AG$6&"10") -> 0 | AI16: =INDIRECT("'"&$AE16&"'"&"!"&AH$6&"10") -> 0 | AJ16: =INDIRECT("'"&$AE16&"'"&"!"&AI$6&"10") -> 0 | AK16: =U16 -> 9 | AL16: =AL15+1 -> 9 | AW16: =AY16&AZ16&BA16&BB16&BC16&BD16&BE16&BF16&BG16&BH16&BI16&BJ16 -> CEFGHJKL | AX16: 14 | BA16: C | BC16: E | BD16: F | BE16: G | BF16: H | BH16: J | BI16: K | BJ16: L | BK16: 3E | BL16: 3G | BM16: 3J | BN16: 3C | BO16: 3H | BP16: 3F | BQ16: 3L | BR16: 3K
B17: 10 | C17: =VLOOKUP($B17,$AC$8:$AL$19,C$5,FALSE) -> J | D17: =VLOOKUP($B17,$AC$8:$AL$19,D$5,FALSE) -> Austria | E17: =VLOOKUP($B17,$AC$8:$AL$19,E$5,FALSE) -> 3 | F17: =VLOOKUP($B17,$AC$8:$AL$19,F$5,FALSE) -> 0 | G17: =VLOOKUP($B17,$AC$8:$AL$19,G$5,FALSE) -> 0 | H17: =VLOOKUP($B17,$AC$8:$AL$19,H$5,FALSE) -> 0 | R17: =AF17 -> Austria | U17: 10 | AB17: =AG17*100000000 + AJ17*1000000 + AH17*10000 - AK17*100 - AL17 -> 299998990 | AC17: =_xlfn.RANK.EQ(AB17,$AB$8:$AB$19) -> 10 | AD17: =RIGHT(AE17, 1) -> J | AE17: GRUPO J | AF17: =INDIRECT("'"&$AE17&"'"&"!"&AE$6&"10") -> Austria | AG17: =INDIRECT("'"&$AE17&"'"&"!"&AF$6&"10") -> 3 | AH17: =INDIRECT("'"&$AE17&"'"&"!"&AG$6&"10") -> 0 | AI17: =INDIRECT("'"&$AE17&"'"&"!"&AH$6&"10") -> 0 | AJ17: =INDIRECT("'"&$AE17&"'"&"!"&AI$6&"10") -> 0 | AK17: =U17 -> 10 | AL17: =AL16+1 -> 10 | AW17: =AY17&AZ17&BA17&BB17&BC17&BD17&BE17&BF17&BG17&BH17&BI17&BJ17 -> CEFGHIKL | AX17: 15 | BA17: C | BC17: E | BD17: F | BE17: G | BF17: H | BG17: I | BI17: K | BJ17: L | BK17: 3E | BL17: 3G | BM17: 3I | BN17: 3C | BO17: 3H | BP17: 3F | BQ17: 3L | BR17: 3K
B18: 11 | C18: =VLOOKUP($B18,$AC$8:$AL$19,C$5,FALSE) -> K | D18: =VLOOKUP($B18,$AC$8:$AL$19,D$5,FALSE) -> Uzbekistán | E18: =VLOOKUP($B18,$AC$8:$AL$19,E$5,FALSE) -> 3 | F18: =VLOOKUP($B18,$AC$8:$AL$19,F$5,FALSE) -> 0 | G18: =VLOOKUP($B18,$AC$8:$AL$19,G$5,FALSE) -> 0 | H18: =VLOOKUP($B18,$AC$8:$AL$19,H$5,FALSE) -> 0 | R18: =AF18 -> Uzbekistán | U18: 11 | AB18: =AG18*100000000 + AJ18*1000000 + AH18*10000 - AK18*100 - AL18 -> 299998889 | AC18: =_xlfn.RANK.EQ(AB18,$AB$8:$AB$19) -> 11 | AD18: =RIGHT(AE18, 1) -> K | AE18: GRUPO K | AF18: =INDIRECT("'"&$AE18&"'"&"!"&AE$6&"10") -> Uzbekistán | AG18: =INDIRECT("'"&$AE18&"'"&"!"&AF$6&"10") -> 3 | AH18: =INDIRECT("'"&$AE18&"'"&"!"&AG$6&"10") -> 0 | AI18: =INDIRECT("'"&$AE18&"'"&"!"&AH$6&"10") -> 0 | AJ18: =INDIRECT("'"&$AE18&"'"&"!"&AI$6&"10") -> 0 | AK18: =U18 -> 11 | AL18: =AL17+1 -> 11 | AW18: =AY18&AZ18&BA18&BB18&BC18&BD18&BE18&BF18&BG18&BH18&BI18&BJ18 -> CEFGHIJL | AX18: 16 | BA18: C | BC18: E | BD18: F | BE18: G | BF18: H | BG18: I | BH18: J | BJ18: L | BK18: 3E | BL18: 3G | BM18: 3J | BN18: 3C | BO18: 3H | BP18: 3F | BQ18: 3L | BR18: 3I
B19: 12 | C19: =VLOOKUP($B19,$AC$8:$AL$19,C$5,FALSE) -> L | D19: =VLOOKUP($B19,$AC$8:$AL$19,D$5,FALSE) -> Ghana | E19: =VLOOKUP($B19,$AC$8:$AL$19,E$5,FALSE) -> 3 | F19: =VLOOKUP($B19,$AC$8:$AL$19,F$5,FALSE) -> 0 | G19: =VLOOKUP($B19,$AC$8:$AL$19,G$5,FALSE) -> 0 | H19: =VLOOKUP($B19,$AC$8:$AL$19,H$5,FALSE) -> 0 | R19: =AF19 -> Ghana | U19: 12 | AB19: =AG19*100000000 + AJ19*1000000 + AH19*10000 - AK19*100 - AL19 -> 299998788 | AC19: =_xlfn.RANK.EQ(AB19,$AB$8:$AB$19) -> 12 | AD19: =RIGHT(AE19, 1) -> L | AE19: GRUPO L | AF19: =INDIRECT("'"&$AE19&"'"&"!"&AE$6&"10") -> Ghana | AG19: =INDIRECT("'"&$AE19&"'"&"!"&AF$6&"10") -> 3 | AH19: =INDIRECT("'"&$AE19&"'"&"!"&AG$6&"10") -> 0 | AI19: =INDIRECT("'"&$AE19&"'"&"!"&AH$6&"10") -> 0 | AJ19: =INDIRECT("'"&$AE19&"'"&"!"&AI$6&"10") -> 0 | AK19: =U19 -> 12 | AL19: =AL18+1 -> 12 | AW19: =AY19&AZ19&BA19&BB19&BC19&BD19&BE19&BF19&BG19&BH19&BI19&BJ19 -> CEFGHIJK | AX19: 17 | BA19: C | BC19: E | BD19: F | BE19: G | BF19: H | BG19: I | BH19: J | BI19: K | BK19: 3E | BL19: 3G | BM19: 3J | BN19: 3C | BO19: 3H | BP19: 3F | BQ19: 3I | BR19: 3K
AW20: =AY20&AZ20&BA20&BB20&BC20&BD20&BE20&BF20&BG20&BH20&BI20&BJ20 -> CDGHIJKL | AX20: 18 | BA20: C | BB20: D | BE20: G | BF20: H | BG20: I | BH20: J | BI20: K | BJ20: L | BK20: 3H | BL20: 3G | BM20: 3I | BN20: 3C | BO20: 3J | BP20: 3D | BQ20: 3L | BR20: 3K
AW21: =AY21&AZ21&BA21&BB21&BC21&BD21&BE21&BF21&BG21&BH21&BI21&BJ21 -> CDFHIJKL | AX21: 19 | BA21: C | BB21: D | BD21: F | BF21: H | BG21: I | BH21: J | BI21: K | BJ21: L | BK21: 3C | BL21: 3J | BM21: 3I | BN21: 3D | BO21: 3H | BP21: 3F | BQ21: 3L | BR21: 3K
AW22: =AY22&AZ22&BA22&BB22&BC22&BD22&BE22&BF22&BG22&BH22&BI22&BJ22 -> CDFGIJKL | AX22: 20 | BA22: C | BB22: D | BD22: F | BE22: G | BG22: I | BH22: J | BI22: K | BJ22: L | BK22: 3C | BL22: 3G | BM22: 3I | BN22: 3D | BO22: 3J | BP22: 3F | BQ22: 3L | BR22: 3K
AW23: =AY23&AZ23&BA23&BB23&BC23&BD23&BE23&BF23&BG23&BH23&BI23&BJ23 -> CDFGHJKL | AX23: 21 | BA23: C | BB23: D | BD23: F | BE23: G | BF23: H | BH23: J | BI23: K | BJ23: L | BK23: 3C | BL23: 3G | BM23: 3J | BN23: 3D | BO23: 3H | BP23: 3F | BQ23: 3L | BR23: 3K
AW24: =AY24&AZ24&BA24&BB24&BC24&BD24&BE24&BF24&BG24&BH24&BI24&BJ24 -> CDFGHIKL | AX24: 22 | BA24: C | BB24: D | BD24: F | BE24: G | BF24: H | BG24: I | BI24: K | BJ24: L | BK24: 3C | BL24: 3G | BM24: 3I | BN24: 3D | BO24: 3H | BP24: 3F | BQ24: 3L | BR24: 3K
AW25: =AY25&AZ25&BA25&BB25&BC25&BD25&BE25&BF25&BG25&BH25&BI25&BJ25 -> CDFGHIJL | AX25: 23 | BA25: C | BB25: D | BD25: F | BE25: G | BF25: H | BG25: I | BH25: J | BJ25: L | BK25: 3C | BL25: 3G | BM25: 3J | BN25: 3D | BO25: 3H | BP25: 3F | BQ25: 3L | BR25: 3I
AW26: =AY26&AZ26&BA26&BB26&BC26&BD26&BE26&BF26&BG26&BH26&BI26&BJ26 -> CDFGHIJK | AX26: 24 | BA26: C | BB26: D | BD26: F | BE26: G | BF26: H | BG26: I | BH26: J | BI26: K | BK26: 3C | BL26: 3G | BM26: 3J | BN26: 3D | BO26: 3H | BP26: 3F | BQ26: 3I | BR26: 3K
AW27: =AY27&AZ27&BA27&BB27&BC27&BD27&BE27&BF27&BG27&BH27&BI27&BJ27 -> CDEHIJKL | AX27: 25 | BA27: C | BB27: D | BC27: E | BF27: H | BG27: I | BH27: J | BI27: K | BJ27: L | BK27: 3E | BL27: 3J | BM27: 3I | BN27: 3C | BO27: 3H | BP27: 3D | BQ27: 3L | BR27: 3K
AW28: =AY28&AZ28&BA28&BB28&BC28&BD28&BE28&BF28&BG28&BH28&BI28&BJ28 -> CDEGIJKL | AX28: 26 | BA28: C | BB28: D | BC28: E | BE28: G | BG28: I | BH28: J | BI28: K | BJ28: L | BK28: 3E | BL28: 3G | BM28: 3I | BN28: 3C | BO28: 3J | BP28: 3D | BQ28: 3L | BR28: 3K
AW29: =AY29&AZ29&BA29&BB29&BC29&BD29&BE29&BF29&BG29&BH29&BI29&BJ29 -> CDEGHJKL | AX29: 27 | BA29: C | BB29: D | BC29: E | BE29: G | BF29: H | BH29: J | BI29: K | BJ29: L | BK29: 3E | BL29: 3G | BM29: 3J | BN29: 3C | BO29: 3H | BP29: 3D | BQ29: 3L | BR29: 3K
AW30: =AY30&AZ30&BA30&BB30&BC30&BD30&BE30&BF30&BG30&BH30&BI30&BJ30 -> CDEGHIKL | AX30: 28 | BA30: C | BB30: D | BC30: E | BE30: G | BF30: H | BG30: I | BI30: K | BJ30: L | BK30: 3E | BL30: 3G | BM30: 3I | BN30: 3C | BO30: 3H | BP30: 3D | BQ30: 3L | BR30: 3K
AW31: =AY31&AZ31&BA31&BB31&BC31&BD31&BE31&BF31&BG31&BH31&BI31&BJ31 -> CDEGHIJL | AX31: 29 | BA31: C | BB31: D | BC31: E | BE31: G | BF31: H | BG31: I | BH31: J | BJ31: L | BK31: 3E | BL31: 3G | BM31: 3J | BN31: 3C | BO31: 3H | BP31: 3D | BQ31: 3L | BR31: 3I
AW32: =AY32&AZ32&BA32&BB32&BC32&BD32&BE32&BF32&BG32&BH32&BI32&BJ32 -> CDEGHIJK | AX32: 30 | BA32: C | BB32: D | BC32: E | BE32: G | BF32: H | BG32: I | BH32: J | BI32: K | BK32: 3E | BL32: 3G | BM32: 3J | BN32: 3C | BO32: 3H | BP32: 3D | BQ32: 3I | BR32: 3K
AW33: =AY33&AZ33&BA33&BB33&BC33&BD33&BE33&BF33&BG33&BH33&BI33&BJ33 -> CDEFIJKL | AX33: 31 | BA33: C | BB33: D | BC33: E | BD33: F | BG33: I | BH33: J | BI33: K | BJ33: L | BK33: 3C | BL33: 3J | BM33: 3E | BN33: 3D | BO33: 3I | BP33: 3F | BQ33: 3L | BR33: 3K
AW34: =AY34&AZ34&BA34&BB34&BC34&BD34&BE34&BF34&BG34&BH34&BI34&BJ34 -> CDEFHJKL | AX34: 32 | BA34: C | BB34: D | BC34: E | BD34: F | BF34: H | BH34: J | BI34: K | BJ34: L | BK34: 3C | BL34: 3J | BM34: 3E | BN34: 3D | BO34: 3H | BP34: 3F | BQ34: 3L | BR34: 3K
AW35: =AY35&AZ35&BA35&BB35&BC35&BD35&BE35&BF35&BG35&BH35&BI35&BJ35 -> CDEFHIKL | AX35: 33 | BA35: C | BB35: D | BC35: E | BD35: F | BF35: H | BG35: I | BI35: K | BJ35: L | BK35: 3C | BL35: 3E | BM35: 3I | BN35: 3D | BO35: 3H | BP35: 3F | BQ35: 3L | BR35: 3K
AW36: =AY36&AZ36&BA36&BB36&BC36&BD36&BE36&BF36&BG36&BH36&BI36&BJ36 -> CDEFHIJL | AX36: 34 | BA36: C | BB36: D | BC36: E | BD36: F | BF36: H | BG36: I | BH36: J | BJ36: L | BK36: 3C | BL36: 3J | BM36: 3E | BN36: 3D | BO36: 3H | BP36: 3F | BQ36: 3L | BR36: 3I
AW37: =AY37&AZ37&BA37&BB37&BC37&BD37&BE37&BF37&BG37&BH37&BI37&BJ37 -> CDEFHIJK | AX37: 35 | BA37: C | BB37: D | BC37: E | BD37: F | BF37: H | BG37: I | BH37: J | BI37: K | BK37: 3C | BL37: 3J | BM37: 3E | BN37: 3D | BO37: 3H | BP37: 3F | BQ37: 3I | BR37: 3K
AW38: =AY38&AZ38&BA38&BB38&BC38&BD38&BE38&BF38&BG38&BH38&BI38&BJ38 -> CDEFGJKL | AX38: 36 | BA38: C | BB38: D | BC38: E | BD38: F | BE38: G | BH38: J | BI38: K | BJ38: L | BK38: 3C | BL38: 3G | BM38: 3E | BN38: 3D | BO38: 3J | BP38: 3F | BQ38: 3L | BR38: 3K
AW39: =AY39&AZ39&BA39&BB39&BC39&BD39&BE39&BF39&BG39&BH39&BI39&BJ39 -> CDEFGIKL | AX39: 37 | BA39: C | BB39: D | BC39: E | BD39: F | BE39: G | BG39: I | BI39: K | BJ39: L | BK39: 3C | BL39: 3G | BM39: 3E | BN39: 3D | BO39: 3I | BP39: 3F | BQ39: 3L | BR39: 3K
AW40: =AY40&AZ40&BA40&BB40&BC40&BD40&BE40&BF40&BG40&BH40&BI40&BJ40 -> CDEFGIJL | AX40: 38 | BA40: C | BB40: D | BC40: E | BD40: F | BE40: G | BG40: I | BH40: J | BJ40: L | BK40: 3C | BL40: 3G | BM40: 3E | BN40: 3D | BO40: 3J | BP40: 3F | BQ40: 3L | BR40: 3I
AW41: =AY41&AZ41&BA41&BB41&BC41&BD41&BE41&BF41&BG41&BH41&BI41&BJ41 -> CDEFGIJK | AX41: 39 | BA41: C | BB41: D | BC41: E | BD41: F | BE41: G | BG41: I | BH41: J | BI41: K | BK41: 3C | BL41: 3G | BM41: 3E | BN41: 3D | BO41: 3J | BP41: 3F | BQ41: 3I | BR41: 3K
AW42: =AY42&AZ42&BA42&BB42&BC42&BD42&BE42&BF42&BG42&BH42&BI42&BJ42 -> CDEFGHKL | AX42: 40 | BA42: C | BB42: D | BC42: E | BD42: F | BE42: G | BF42: H | BI42: K | BJ42: L | BK42: 3C | BL42: 3G | BM42: 3E | BN42: 3D | BO42: 3H | BP42: 3F | BQ42: 3L | BR42: 3K
AW43: =AY43&AZ43&BA43&BB43&BC43&BD43&BE43&BF43&BG43&BH43&BI43&BJ43 -> CDEFGHJL | AX43: 41 | BA43: C | BB43: D | BC43: E | BD43: F | BE43: G | BF43: H | BH43: J | BJ43: L | BK43: 3C | BL43: 3G | BM43: 3J | BN43: 3D | BO43: 3H | BP43: 3F | BQ43: 3L | BR43: 3E
AW44: =AY44&AZ44&BA44&BB44&BC44&BD44&BE44&BF44&BG44&BH44&BI44&BJ44 -> CDEFGHJK | AX44: 42 | BA44: C | BB44: D | BC44: E | BD44: F | BE44: G | BF44: H | BH44: J | BI44: K | BK44: 3C | BL44: 3G | BM44: 3J | BN44: 3D | BO44: 3H | BP44: 3F | BQ44: 3E | BR44: 3K
AW45: =AY45&AZ45&BA45&BB45&BC45&BD45&BE45&BF45&BG45&BH45&BI45&BJ45 -> CDEFGHIL | AX45: 43 | BA45: C | BB45: D | BC45: E | BD45: F | BE45: G | BF45: H | BG45: I | BJ45: L | BK45: 3C | BL45: 3G | BM45: 3E | BN45: 3D | BO45: 3H | BP45: 3F | BQ45: 3L | BR45: 3I
AW46: =AY46&AZ46&BA46&BB46&BC46&BD46&BE46&BF46&BG46&BH46&BI46&BJ46 -> CDEFGHIK | AX46: 44 | BA46: C | BB46: D | BC46: E | BD46: F | BE46: G | BF46: H | BG46: I | BI46: K | BK46: 3C | BL46: 3G | BM46: 3E | BN46: 3D | BO46: 3H | BP46: 3F | BQ46: 3I | BR46: 3K
AW47: =AY47&AZ47&BA47&BB47&BC47&BD47&BE47&BF47&BG47&BH47&BI47&BJ47 -> CDEFGHIJ | AX47: 45 | BA47: C | BB47: D | BC47: E | BD47: F | BE47: G | BF47: H | BG47: I | BH47: J | BK47: 3C | BL47: 3G | BM47: 3J | BN47: 3D | BO47: 3H | BP47: 3F | BQ47: 3E | BR47: 3I
AW48: =AY48&AZ48&BA48&BB48&BC48&BD48&BE48&BF48&BG48&BH48&BI48&BJ48 -> BFGHIJKL | AX48: 46 | AZ48: B | BD48: F | BE48: G | BF48: H | BG48: I | BH48: J | BI48: K | BJ48: L | BK48: 3H | BL48: 3J | BM48: 3B | BN48: 3F | BO48: 3I | BP48: 3G | BQ48: 3L | BR48: 3K
AW49: =AY49&AZ49&BA49&BB49&BC49&BD49&BE49&BF49&BG49&BH49&BI49&BJ49 -> BEGHIJKL | AX49: 47 | AZ49: B | BC49: E | BE49: G | BF49: H | BG49: I | BH49: J | BI49: K | BJ49: L | BK49: 3E | BL49: 3J | BM49: 3I | BN49: 3B | BO49: 3H | BP49: 3G | BQ49: 3L | BR49: 3K
AW50: =AY50&AZ50&BA50&BB50&BC50&BD50&BE50&BF50&BG50&BH50&BI50&BJ50 -> BEFHIJKL | AX50: 48 | AZ50: B | BC50: E | BD50: F | BF50: H | BG50: I | BH50: J | BI50: K | BJ50: L | BK50: 3E | BL50: 3J | BM50: 3B | BN50: 3F | BO50: 3I | BP50: 3H | BQ50: 3L | BR50: 3K
AW51: =AY51&AZ51&BA51&BB51&BC51&BD51&BE51&BF51&BG51&BH51&BI51&BJ51 -> BEFGIJKL | AX51: 49 | AZ51: B | BC51: E | BD51: F | BE51: G | BG51: I | BH51: J | BI51: K | BJ51: L | BK51: 3E | BL51: 3J | BM51: 3B | BN51: 3F | BO51: 3I | BP51: 3G | BQ51: 3L | BR51: 3K
AW52: =AY52&AZ52&BA52&BB52&BC52&BD52&BE52&BF52&BG52&BH52&BI52&BJ52 -> BEFGHJKL | AX52: 50 | AZ52: B | BC52: E | BD52: F | BE52: G | BF52: H | BH52: J | BI52: K | BJ52: L | BK52: 3E | BL52: 3J | BM52: 3B | BN52: 3F | BO52: 3H | BP52: 3G | BQ52: 3L | BR52: 3K
AW53: =AY53&AZ53&BA53&BB53&BC53&BD53&BE53&BF53&BG53&BH53&BI53&BJ53 -> BEFGHIKL | AX53: 51 | AZ53: B | BC53: E | BD53: F | BE53: G | BF53: H | BG53: I | BI53: K | BJ53: L | BK53: 3E | BL53: 3G | BM53: 3B | BN53: 3F | BO53: 3I | BP53: 3H | BQ53: 3L | BR53: 3K
AW54: =AY54&AZ54&BA54&BB54&BC54&BD54&BE54&BF54&BG54&BH54&BI54&BJ54 -> BEFGHIJL | AX54: 52 | AZ54: B | BC54: E | BD54: F | BE54: G | BF54: H | BG54: I | BH54: J | BJ54: L | BK54: 3E | BL54: 3J | BM54: 3B | BN54: 3F | BO54: 3H | BP54: 3G | BQ54: 3L | BR54: 3I
AW55: =AY55&AZ55&BA55&BB55&BC55&BD55&BE55&BF55&BG55&BH55&BI55&BJ55 -> BEFGHIJK | AX55: 53 | AZ55: B | BC55: E | BD55: F | BE55: G | BF55: H | BG55: I | BH55: J | BI55: K | BK55: 3E | BL55: 3J | BM55: 3B | BN55: 3F | BO55: 3H | BP55: 3G | BQ55: 3I | BR55: 3K
AW56: =AY56&AZ56&BA56&BB56&BC56&BD56&BE56&BF56&BG56&BH56&BI56&BJ56 -> BDGHIJKL | AX56: 54 | AZ56: B | BB56: D | BE56: G | BF56: H | BG56: I | BH56: J | BI56: K | BJ56: L | BK56: 3H | BL56: 3J | BM56: 3B | BN56: 3D | BO56: 3I | BP56: 3G | BQ56: 3L | BR56: 3K
AW57: =AY57&AZ57&BA57&BB57&BC57&BD57&BE57&BF57&BG57&BH57&BI57&BJ57 -> BDFHIJKL | AX57: 55 | AZ57: B | BB57: D | BD57: F | BF57: H | BG57: I | BH57: J | BI57: K | BJ57: L | BK57: 3H | BL57: 3J | BM57: 3B | BN57: 3D | BO57: 3I | BP57: 3F | BQ57: 3L | BR57: 3K
AW58: =AY58&AZ58&BA58&BB58&BC58&BD58&BE58&BF58&BG58&BH58&BI58&BJ58 -> BDFGIJKL | AX58: 56 | AZ58: B | BB58: D | BD58: F | BE58: G | BG58: I | BH58: J | BI58: K | BJ58: L | BK58: 3I | BL58: 3G | BM58: 3B | BN58: 3D | BO58: 3J | BP58: 3F | BQ58: 3L | BR58: 3K
AW59: =AY59&AZ59&BA59&BB59&BC59&BD59&BE59&BF59&BG59&BH59&BI59&BJ59 -> BDFGHJKL | AX59: 57 | AZ59: B | BB59: D | BD59: F | BE59: G | BF59: H | BH59: J | BI59: K | BJ59: L | BK59: 3H | BL59: 3G | BM59: 3B | BN59: 3D | BO59: 3J | BP59: 3F | BQ59: 3L | BR59: 3K
AW60: =AY60&AZ60&BA60&BB60&BC60&BD60&BE60&BF60&BG60&BH60&BI60&BJ60 -> BDFGHIKL | AX60: 58 | AZ60: B | BB60: D | BD60: F | BE60: G | BF60: H | BG60: I | BI60: K | BJ60: L | BK60: 3H | BL60: 3G | BM60: 3B | BN60: 3D | BO60: 3I | BP60: 3F | BQ60: 3L | BR60: 3K
AW61: =AY61&AZ61&BA61&BB61&BC61&BD61&BE61&BF61&BG61&BH61&BI61&BJ61 -> BDFGHIJL | AX61: 59 | AZ61: B | BB61: D | BD61: F | BE61: G | BF61: H | BG61: I | BH61: J | BJ61: L | BK61: 3H | BL61: 3G | BM61: 3B | BN61: 3D | BO61: 3J | BP61: 3F | BQ61: 3L | BR61: 3I
AW62: =AY62&AZ62&BA62&BB62&BC62&BD62&BE62&BF62&BG62&BH62&BI62&BJ62 -> BDFGHIJK | AX62: 60 | AZ62: B | BB62: D | BD62: F | BE62: G | BF62: H | BG62: I | BH62: J | BI62: K | BK62: 3H | BL62: 3G | BM62: 3B | BN62: 3D | BO62: 3J | BP62: 3F | BQ62: 3I | BR62: 3K
AW63: =AY63&AZ63&BA63&BB63&BC63&BD63&BE63&BF63&BG63&BH63&BI63&BJ63 -> BDEHIJKL | AX63: 61 | AZ63: B | BB63: D | BC63: E | BF63: H | BG63: I | BH63: J | BI63: K | BJ63: L | BK63: 3E | BL63: 3J | BM63: 3B | BN63: 3D | BO63: 3I | BP63: 3H | BQ63: 3L | BR63: 3K
AW64: =AY64&AZ64&BA64&BB64&BC64&BD64&BE64&BF64&BG64&BH64&BI64&BJ64 -> BDEGIJKL | AX64: 62 | AZ64: B | BB64: D | BC64: E | BE64: G | BG64: I | BH64: J | BI64: K | BJ64: L | BK64: 3E | BL64: 3J | BM64: 3B | BN64: 3D | BO64: 3I | BP64: 3G | BQ64: 3L | BR64: 3K
AW65: =AY65&AZ65&BA65&BB65&BC65&BD65&BE65&BF65&BG65&BH65&BI65&BJ65 -> BDEGHJKL | AX65: 63 | AZ65: B | BB65: D | BC65: E | BE65: G | BF65: H | BH65: J | BI65: K | BJ65: L | BK65: 3E | BL65: 3J | BM65: 3B | BN65: 3D | BO65: 3H | BP65: 3G | BQ65: 3L | BR65: 3K
AW66: =AY66&AZ66&BA66&BB66&BC66&BD66&BE66&BF66&BG66&BH66&BI66&BJ66 -> BDEGHIKL | AX66: 64 | AZ66: B | BB66: D | BC66: E | BE66: G | BF66: H | BG66: I | BI66: K | BJ66: L | BK66: 3E | BL66: 3G | BM66: 3B | BN66: 3D | BO66: 3I | BP66: 3H | BQ66: 3L | BR66: 3K
AW67: =AY67&AZ67&BA67&BB67&BC67&BD67&BE67&BF67&BG67&BH67&BI67&BJ67 -> BDEGHIJL | AX67: 65 | AZ67: B | BB67: D | BC67: E | BE67: G | BF67: H | BG67: I | BH67: J | BJ67: L | BK67: 3E | BL67: 3J | BM67: 3B | BN67: 3D | BO67: 3H | BP67: 3G | BQ67: 3L | BR67: 3I
AW68: =AY68&AZ68&BA68&BB68&BC68&BD68&BE68&BF68&BG68&BH68&BI68&BJ68 -> BDEGHIJK | AX68: 66 | AZ68: B | BB68: D | BC68: E | BE68: G | BF68: H | BG68: I | BH68: J | BI68: K | BK68: 3E | BL68: 3J | BM68: 3B | BN68: 3D | BO68: 3H | BP68: 3G | BQ68: 3I | BR68: 3K
AW69: =AY69&AZ69&BA69&BB69&BC69&BD69&BE69&BF69&BG69&BH69&BI69&BJ69 -> BDEFIJKL | AX69: 67 | AZ69: B | BB69: D | BC69: E | BD69: F | BG69: I | BH69: J | BI69: K | BJ69: L | BK69: 3E | BL69: 3J | BM69: 3B | BN69: 3D | BO69: 3I | BP69: 3F | BQ69: 3L | BR69: 3K
AW70: =AY70&AZ70&BA70&BB70&BC70&BD70&BE70&BF70&BG70&BH70&BI70&BJ70 -> BDEFHJKL | AX70: 68 | AZ70: B | BB70: D | BC70: E | BD70: F | BF70: H | BH70: J | BI70: K | BJ70: L | BK70: 3E | BL70: 3J | BM70: 3B | BN70: 3D | BO70: 3H | BP70: 3F | BQ70: 3L | BR70: 3K
AW71: =AY71&AZ71&BA71&BB71&BC71&BD71&BE71&BF71&BG71&BH71&BI71&BJ71 -> BDEFHIKL | AX71: 69 | AZ71: B | BB71: D | BC71: E | BD71: F | BF71: H | BG71: I | BI71: K | BJ71: L | BK71: 3E | BL71: 3I | BM71: 3B | BN71: 3D | BO71: 3H | BP71: 3F | BQ71: 3L | BR71: 3K
AW72: =AY72&AZ72&BA72&BB72&BC72&BD72&BE72&BF72&BG72&BH72&BI72&BJ72 -> BDEFHIJL | AX72: 70 | AZ72: B | BB72: D | BC72: E | BD72: F | BF72: H | BG72: I | BH72: J | BJ72: L | BK72: 3E | BL72: 3J | BM72: 3B | BN72: 3D | BO72: 3H | BP72: 3F | BQ72: 3L | BR72: 3I
AW73: =AY73&AZ73&BA73&BB73&BC73&BD73&BE73&BF73&BG73&BH73&BI73&BJ73 -> BDEFHIJK | AX73: 71 | AZ73: B | BB73: D | BC73: E | BD73: F | BF73: H | BG73: I | BH73: J | BI73: K | BK73: 3E | BL73: 3J | BM73: 3B | BN73: 3D | BO73: 3H | BP73: 3F | BQ73: 3I | BR73: 3K
AW74: =AY74&AZ74&BA74&BB74&BC74&BD74&BE74&BF74&BG74&BH74&BI74&BJ74 -> BDEFGJKL | AX74: 72 | AZ74: B | BB74: D | BC74: E | BD74: F | BE74: G | BH74: J | BI74: K | BJ74: L | BK74: 3E | BL74: 3G | BM74: 3B | BN74: 3D | BO74: 3J | BP74: 3F | BQ74: 3L | BR74: 3K
AW75: =AY75&AZ75&BA75&BB75&BC75&BD75&BE75&BF75&BG75&BH75&BI75&BJ75 -> BDEFGIKL | AX75: 73 | AZ75: B | BB75: D | BC75: E | BD75: F | BE75: G | BG75: I | BI75: K | BJ75: L | BK75: 3E | BL75: 3G | BM75: 3B | BN75: 3D | BO75: 3I | BP75: 3F | BQ75: 3L | BR75: 3K
AW76: =AY76&AZ76&BA76&BB76&BC76&BD76&BE76&BF76&BG76&BH76&BI76&BJ76 -> BDEFGIJL | AX76: 74 | AZ76: B | BB76: D | BC76: E | BD76: F | BE76: G | BG76: I | BH76: J | BJ76: L | BK76: 3E | BL76: 3G | BM76: 3B | BN76: 3D | BO76: 3J | BP76: 3F | BQ76: 3L | BR76: 3I
AW77: =AY77&AZ77&BA77&BB77&BC77&BD77&BE77&BF77&BG77&BH77&BI77&BJ77 -> BDEFGIJK | AX77: 75 | AZ77: B | BB77: D | BC77: E | BD77: F | BE77: G | BG77: I | BH77: J | BI77: K | BK77: 3E | BL77: 3G | BM77: 3B | BN77: 3D | BO77: 3J | BP77: 3F | BQ77: 3I | BR77: 3K
AW78: =AY78&AZ78&BA78&BB78&BC78&BD78&BE78&BF78&BG78&BH78&BI78&BJ78 -> BDEFGHKL | AX78: 76 | AZ78: B | BB78: D | BC78: E | BD78: F | BE78: G | BF78: H | BI78: K | BJ78: L | BK78: 3E | BL78: 3G | BM78: 3B | BN78: 3D | BO78: 3H | BP78: 3F | BQ78: 3L | BR78: 3K
AW79: =AY79&AZ79&BA79&BB79&BC79&BD79&BE79&BF79&BG79&BH79&BI79&BJ79 -> BDEFGHJL | AX79: 77 | AZ79: B | BB79: D | BC79: E | BD79: F | BE79: G | BF79: H | BH79: J | BJ79: L | BK79: 3H | BL79: 3G | BM79: 3B | BN79: 3D | BO79: 3J | BP79: 3F | BQ79: 3L | BR79: 3E
AW80: =AY80&AZ80&BA80&BB80&BC80&BD80&BE80&BF80&BG80&BH80&BI80&BJ80 -> BDEFGHJK | AX80: 78 | AZ80: B | BB80: D | BC80: E | BD80: F | BE80: G | BF80: H | BH80: J | BI80: K | BK80: 3H | BL80: 3G | BM80: 3B | BN80: 3D | BO80: 3J | BP80: 3F | BQ80: 3E | BR80: 3K
AW81: =AY81&AZ81&BA81&BB81&BC81&BD81&BE81&BF81&BG81&BH81&BI81&BJ81 -> BDEFGHIL | AX81: 79 | AZ81: B | BB81: D | BC81: E | BD81: F | BE81: G | BF81: H | BG81: I | BJ81: L | BK81: 3E | BL81: 3G | BM81: 3B | BN81: 3D | BO81: 3H | BP81: 3F | BQ81: 3L | BR81: 3I
AW82: =AY82&AZ82&BA82&BB82&BC82&BD82&BE82&BF82&BG82&BH82&BI82&BJ82 -> BDEFGHIK | AX82: 80 | AZ82: B | BB82: D | BC82: E | BD82: F | BE82: G | BF82: H | BG82: I | BI82: K | BK82: 3E | BL82: 3G | BM82: 3B | BN82: 3D | BO82: 3H | BP82: 3F | BQ82: 3I | BR82: 3K
AW83: =AY83&AZ83&BA83&BB83&BC83&BD83&BE83&BF83&BG83&BH83&BI83&BJ83 -> BDEFGHIJ | AX83: 81 | AZ83: B | BB83: D | BC83: E | BD83: F | BE83: G | BF83: H | BG83: I | BH83: J | BK83: 3H | BL83: 3G | BM83: 3B | BN83: 3D | BO83: 3J | BP83: 3F | BQ83: 3E | BR83: 3I
AW84: =AY84&AZ84&BA84&BB84&BC84&BD84&BE84&BF84&BG84&BH84&BI84&BJ84 -> BCGHIJKL | AX84: 82 | AZ84: B | BA84: C | BE84: G | BF84: H | BG84: I | BH84: J | BI84: K | BJ84: L | BK84: 3H | BL84: 3J | BM84: 3B | BN84: 3C | BO84: 3I | BP84: 3G | BQ84: 3L | BR84: 3K
AW85: =AY85&AZ85&BA85&BB85&BC85&BD85&BE85&BF85&BG85&BH85&BI85&BJ85 -> BCFHIJKL | AX85: 83 | AZ85: B | BA85: C | BD85: F | BF85: H | BG85: I | BH85: J | BI85: K | BJ85: L | BK85: 3H | BL85: 3J | BM85: 3B | BN85: 3C | BO85: 3I | BP85: 3F | BQ85: 3L | BR85: 3K
AW86: =AY86&AZ86&BA86&BB86&BC86&BD86&BE86&BF86&BG86&BH86&BI86&BJ86 -> BCFGIJKL | AX86: 84 | AZ86: B | BA86: C | BD86: F | BE86: G | BG86: I | BH86: J | BI86: K | BJ86: L | BK86: 3I | BL86: 3G | BM86: 3B | BN86: 3C | BO86: 3J | BP86: 3F | BQ86: 3L | BR86: 3K
AW87: =AY87&AZ87&BA87&BB87&BC87&BD87&BE87&BF87&BG87&BH87&BI87&BJ87 -> BCFGHJKL | AX87: 85 | AZ87: B | BA87: C | BD87: F | BE87: G | BF87: H | BH87: J | BI87: K | BJ87: L | BK87: 3H | BL87: 3G | BM87: 3B | BN87: 3C | BO87: 3J | BP87: 3F | BQ87: 3L | BR87: 3K
AW88: =AY88&AZ88&BA88&BB88&BC88&BD88&BE88&BF88&BG88&BH88&BI88&BJ88 -> BCFGHIKL | AX88: 86 | AZ88: B | BA88: C | BD88: F | BE88: G | BF88: H | BG88: I | BI88: K | BJ88: L | BK88: 3H | BL88: 3G | BM88: 3B | BN88: 3C | BO88: 3I | BP88: 3F | BQ88: 3L | BR88: 3K
AW89: =AY89&AZ89&BA89&BB89&BC89&BD89&BE89&BF89&BG89&BH89&BI89&BJ89 -> BCFGHIJL | AX89: 87 | AZ89: B | BA89: C | BD89: F | BE89: G | BF89: H | BG89: I | BH89: J | BJ89: L | BK89: 3H | BL89: 3G | BM89: 3B | BN89: 3C | BO89: 3J | BP89: 3F | BQ89: 3L | BR89: 3I
AW90: =AY90&AZ90&BA90&BB90&BC90&BD90&BE90&BF90&BG90&BH90&BI90&BJ90 -> BCFGHIJK | AX90: 88 | AZ90: B | BA90: C | BD90: F | BE90: G | BF90: H | BG90: I | BH90: J | BI90: K | BK90: 3H | BL90: 3G | BM90: 3B | BN90: 3C | BO90: 3J | BP90: 3F | BQ90: 3I | BR90: 3K
AW91: =AY91&AZ91&BA91&BB91&BC91&BD91&BE91&BF91&BG91&BH91&BI91&BJ91 -> BCEHIJKL | AX91: 89 | AZ91: B | BA91: C | BC91: E | BF91: H | BG91: I | BH91: J | BI91: K | BJ91: L | BK91: 3E | BL91: 3J | BM91: 3B | BN91: 3C | BO91: 3I | BP91: 3H | BQ91: 3L | BR91: 3K
AW92: =AY92&AZ92&BA92&BB92&BC92&BD92&BE92&BF92&BG92&BH92&BI92&BJ92 -> BCEGIJKL | AX92: 90 | AZ92: B | BA92: C | BC92: E | BE92: G | BG92: I | BH92: J | BI92: K | BJ92: L | BK92: 3E | BL92: 3J | BM92: 3B | BN92: 3C | BO92: 3I | BP92: 3G | BQ92: 3L | BR92: 3K
AW93: =AY93&AZ93&BA93&BB93&BC93&BD93&BE93&BF93&BG93&BH93&BI93&BJ93 -> BCEGHJKL | AX93: 91 | AZ93: B | BA93: C | BC93: E | BE93: G | BF93: H | BH93: J | BI93: K | BJ93: L | BK93: 3E | BL93: 3J | BM93: 3B | BN93: 3C | BO93: 3H | BP93: 3G | BQ93: 3L | BR93: 3K
AW94: =AY94&AZ94&BA94&BB94&BC94&BD94&BE94&BF94&BG94&BH94&BI94&BJ94 -> BCEGHIKL | AX94: 92 | AZ94: B | BA94: C | BC94: E | BE94: G | BF94: H | BG94: I | BI94: K | BJ94: L | BK94: 3E | BL94: 3G | BM94: 3B | BN94: 3C | BO94: 3I | BP94: 3H | BQ94: 3L | BR94: 3K
AW95: =AY95&AZ95&BA95&BB95&BC95&BD95&BE95&BF95&BG95&BH95&BI95&BJ95 -> BCEGHIJL | AX95: 93 | AZ95: B | BA95: C | BC95: E | BE95: G | BF95: H | BG95: I | BH95: J | BJ95: L | BK95: 3E | BL95: 3J | BM95: 3B | BN95: 3C | BO95: 3H | BP95: 3G | BQ95: 3L | BR95: 3I
AW96: =AY96&AZ96&BA96&BB96&BC96&BD96&BE96&BF96&BG96&BH96&BI96&BJ96 -> BCEGHIJK | AX96: 94 | AZ96: B | BA96: C | BC96: E | BE96: G | BF96: H | BG96: I | BH96: J | BI96: K | BK96: 3E | BL96: 3J | BM96: 3B | BN96: 3C | BO96: 3H | BP96: 3G | BQ96: 3I | BR96: 3K
AW97: =AY97&AZ97&BA97&BB97&BC97&BD97&BE97&BF97&BG97&BH97&BI97&BJ97 -> BCEFIJKL | AX97: 95 | AZ97: B | BA97: C | BC97: E | BD97: F | BG97: I | BH97: J | BI97: K | BJ97: L | BK97: 3E | BL97: 3J | BM97: 3B | BN97: 3C | BO97: 3I | BP97: 3F | BQ97: 3L | BR97: 3K
AW98: =AY98&AZ98&BA98&BB98&BC98&BD98&BE98&BF98&BG98&BH98&BI98&BJ98 -> BCEFHJKL | AX98: 96 | AZ98: B | BA98: C | BC98: E | BD98: F | BF98: H | BH98: J | BI98: K | BJ98: L | BK98: 3E | BL98: 3J | BM98: 3B | BN98: 3C | BO98: 3H | BP98: 3F | BQ98: 3L | BR98: 3K
AW99: =AY99&AZ99&BA99&BB99&BC99&BD99&BE99&BF99&BG99&BH99&BI99&BJ99 -> BCEFHIKL | AX99: 97 | AZ99: B | BA99: C | BC99: E | BD99: F | BF99: H | BG99: I | BI99: K | BJ99: L | BK99: 3E | BL99: 3I | BM99: 3B | BN99: 3C | BO99: 3H | BP99: 3F | BQ99: 3L | BR99: 3K
AW100: =AY100&AZ100&BA100&BB100&BC100&BD100&BE100&BF100&BG100&BH100&BI100&BJ100 -> BCEFHIJL | AX100: 98 | AZ100: B | BA100: C | BC100: E | BD100: F | BF100: H | BG100: I | BH100: J | BJ100: L | BK100: 3E | BL100: 3J | BM100: 3B | BN100: 3C | BO100: 3H | BP100: 3F | BQ100: 3L | BR100: 3I
AW101: =AY101&AZ101&BA101&BB101&BC101&BD101&BE101&BF101&BG101&BH101&BI101&BJ101 -> BCEFHIJK | AX101: 99 | AZ101: B | BA101: C | BC101: E | BD101: F | BF101: H | BG101: I | BH101: J | BI101: K | BK101: 3E | BL101: 3J | BM101: 3B | BN101: 3C | BO101: 3H | BP101: 3F | BQ101: 3I | BR101: 3K
...

Sheet Play-Off
T1: =IF(OR(C8="",C9="",C16="",C17="",C24="",C25="",C32="",C33="",H12="",H13="",H28="",H29="",M20="",M21="",#REF!="",#REF!="",#REF!="",#REF!="",#REF!=""),1,0) -> #REF!
B4: 16avos de Final | AP4: 16avos de Final
B7: 74 | C7: Resultado | D7: Penales | AP7: 76 | AQ7: Resultado | AR7: Penales
B8: ='GRUPO E'!C8 -> Alemania | G8: Octavos de Final | AK8: Octavos de Final | AP8: ='GRUPO C'!C8 -> Brasil
B9: =INDIRECT("'GRUPO "&RIGHT(INDIRECT("'Mejores Terceros'!BN"&'Mejores Terceros'!AV4),1)&"'!C10") -> Haití | AP9: ='GRUPO F'!C9 -> Japón
G11: 89 | H11: Resultado | I11: Penales | AK11: 91 | AL11: Resultado | AM11: Penales
G12: =IF(C9>C8,B9,IF(C8>C9,B8,IF(D9>D8,B9,IF(D8>D9,B8,"")))) | AK12: =IF(AQ9>AQ8,AP9,IF(AQ8>AQ9,AP8,IF(AR9>AR8,AP9,IF(AR8>AR9,AP8,""))))
G13: =IF(C17>C16,B17,IF(C16>C17,B16,IF(D17>D16,B17,IF(D16>D17,B16,"")))) | AK13: =IF(AQ17>AQ16,AP17,IF(AQ16>AQ17,AP16,IF(AR17>AR16,AP17,IF(AR16>AR17,AP16,""))))
B15: 77 | C15: Resultado | D15: Penales | AP15: 78 | AQ15: Resultado | AR15: Penales
B16: ='GRUPO I'!C8 -> Francia | L16: Cuartos de Final | AF16: Cuartos de Final | AP16: ='GRUPO E'!C9 -> Curazao
B17: =INDIRECT("'GRUPO "&RIGHT(INDIRECT("'Mejores Terceros'!BP"&'Mejores Terceros'!AV4),1)&"'!C10") -> Suecia | AP17: ='GRUPO I'!C9 -> Senegal
L19: 97 | M19: Resultado | N19: Penales | AF19: 99 | AG19: Resultado | AH19: Penales
L20: =IF(H13>H12,G13,IF(H12>H13,G12,IF(I13>I12,G13,IF(I12>I13,G12,"")))) | AF20: =IF(AL13>AL12,AK13,IF(AL12>AL13,AK12,IF(AM13>AM12,AK13,IF(AM12>AM13,AK12,""))))
L21: =IF(H29>H28,G29,IF(H28>H29,G28,IF(I29>I28,G29,IF(I28>I29,G28,"")))) | AF21: =IF(AL29>AL28,AK29,IF(AL28>AL29,AK28,IF(AM29>AM28,AK29,IF(AM28>AM29,AK28,""))))
B23: 73 | C23: Resultado | D23: Penales | AP23: 79 | AQ23: Resultado | AR23: Penales
B24: ='GRUPO A'!C9 -> Sudáfrica | AP24: ='GRUPO A'!C8 -> México
B25: ='GRUPO B'!C9 -> Bosnia | AP25: =INDIRECT("'GRUPO "&RIGHT(INDIRECT("'Mejores Terceros'!BK"&'Mejores Terceros'!AV4),1)&"'!C10") -> Arabia Saudita
G27: 90 | H27: Resultado | I27: Penales | AK27: 92 | AL27: Resultado | AM27: Penales
G28: =IF(C25>C24,B25,IF(C24>C25,B24,IF(D25>D24,B25,IF(D24>D25,B24,"")))) | AK28: =IF(AQ25>AQ24,AP25,IF(AQ24>AQ25,AP24,IF(AR25>AR24,AP25,IF(AR24>AR25,AP24,""))))
G29: =IF(C33>C32,B33,IF(C32>C33,B32,IF(D33>D32,B33,IF(D32>D33,B32,"")))) | V29: Final | AK29: =IF(AQ33>AQ32,AP33,IF(AQ32>AQ33,AP32,IF(AR33>AR32,AP33,IF(AR32>AR33,AP32,""))))
B31: 75 | C31: Resultado | D31: Penales | AP31: 80 | AQ31: Resultado | AR31: Penales
B32: ='GRUPO F'!C8 -> Países Bajos | Q32: Semi Final | V32: 104 | W32: Resultado | X32: Penales | AA32: Semi Final | AP32: ='GRUPO L'!C8 -> Inglaterra
B33: ='GRUPO C'!C9 -> Marruecos | V33: =IF(R37>R36,Q37,IF(R36>R37,Q36,IF(S37>S36,Q37,IF(S36>S37,Q36,"")))) | AP33: =INDIRECT("'GRUPO "&RIGHT(INDIRECT("'Mejores Terceros'!BR"&'Mejores Terceros'!AV4),1)&"'!C10") -> Costa de Marfil
V34: =IF(AB37>AB36,AA37,IF(AB36>AB37,AA36,IF(AC37>AC36,AA37,IF(AC36>AC37,AA36,""))))
Q35: 101 | R35: Resultado | S35: Penales | AA35: 102 | AB35: Resultado | AC35: Penales
Q36: =IF(M21>M20,L21,IF(M20>M21,L20,IF(N21>N20,L21,IF(N20>N21,L20,"")))) | AA36: =IF(AG21>AG20,AF21,IF(AG20>AG21,AF20,IF(AH21>AH20,AF21,IF(AH20>AH21,AF20,""))))
Q37: =IF(M53>M52,L53,IF(M52>M53,L52,IF(N53>N52,L53,IF(N52>N53,L52,"")))) | AA37: =IF(AG53>AG52,AF53,IF(AG52>AG53,AF52,IF(AH53>AH52,AF53,IF(AH52>AH53,AF52,""))))
V38: Tercer y Cuarto Lugar
B39: 83 | C39: Resultado | D39: Penales | AP39: 86 | AQ39: Resultado | AR39: Penales
B40: ='GRUPO K'!C9 -> Congo | AP40: ='GRUPO J'!C8 -> Argentina
B41: ='GRUPO L'!C9 -> Croacia | V41: 103 | W41: Resultado | X41: Penales | AP41: ='GRUPO H'!C9 -> Cabo Verde
V42: =IF(V33=Q36,Q37,IF(V33=Q37,Q36,""))
G43: 93 | H43: Resultado | I43: Penales | V43: =IF(V34=AA36,AA37,IF(V34=AA37,AA36,"")) | AK43: 95 | AL43: Resultado | AM43: Penales
G44: =IF(C41>C40,B41,IF(C40>C41,B40,IF(D41>D40,B41,IF(D40>D41,B40,"")))) | AK44: =IF(AQ41>AQ40,AP41,IF(AQ40>AQ41,AP40,IF(AR41>AR40,AP41,IF(AR40>AR41,AP40,""))))
G45: =IF(C49>C48,B49,IF(C48>C49,B48,IF(D49>D48,B49,IF(D48>D49,B48,"")))) | AK45: =IF(AQ49>AQ48,AP49,IF(AQ48>AQ49,AP48,IF(AR49>AR48,AP49,IF(AR48>AR49,AP48,""))))
B47: 84 | C47: Resultado | D47: Penales | V47: RESULTADOS TORNEO | AP47: 88 | AQ47: Resultado | AR47: Penales
B48: ='GRUPO H'!C8 -> España | V48: CAMPEÓN | W48: =IF(W33>W34,V33,IF(W34>W33,V34,IF(X33>X34,V33,IF(X34>X33,V34,"")))) | AP48: ='GRUPO D'!C9 -> Paraguay
B49: ='GRUPO J'!C9 -> Argelia | V49: SUB CAMPEÓN | W49: =IF(W48=V33,V34,IF(W48=V34,V33,"")) | AP49: ='GRUPO G'!C9 -> Egipto
V50: TERCER LUGAR | W50: =IF(W42>W43,V42,IF(W43>W42,V43,IF(X42>X43,V42,IF(X43>X42,V43,""))))
L51: 98 | M51: Resultado | N51: Penales | AF51: 100 | AG51: Resultado | AH51: Penales
L52: =IF(H45>H44,G45,IF(H44>H45,G44,IF(I45>I44,G45,IF(I44>I45,G44,"")))) | AF52: =IF(AL45>AL44,AK45,IF(AL44>AL45,AK44,IF(AM45>AM44,AK45,IF(AM44>AM45,AK44,""))))
L53: =IF(H61>H60,G61,IF(H60>H61,G60,IF(I61>I60,G61,IF(I60>I61,G60,"")))) | AF53: =IF(AL61>AL60,AK61,IF(AL60>AL61,AK60,IF(AM61>AM60,AK61,IF(AM60>AM61,AK60,""))))
B55: 81 | C55: Resultado | D55: Penales | AP55: 85 | AQ55: Resultado | AR55: Penales
B56: ='GRUPO D'!C8 -> USA | AP56: ='GRUPO B'!C8 -> Canadá
B57: =INDIRECT("'GRUPO "&RIGHT(INDIRECT("'Mejores Terceros'!BM"&'Mejores Terceros'!AV4),1)&"'!C10") -> Suiza | AP57: =INDIRECT("'GRUPO "&RIGHT(INDIRECT("'Mejores Terceros'!BL"&'Mejores Terceros'!AV4),1)&"'!C10") -> Irán
G59: 94 | H59: Resultado | I59: Penales | AK59: 96 | AL59: Resultado | AM59: Penales
G60: =IF(C57>C56,B57,IF(C56>C57,B56,IF(D57>D56,B57,IF(D56>D57,B56,"")))) | AK60: =IF(AQ57>AQ56,AP57,IF(AQ56>AQ57,AP56,IF(AR57>AR56,AP57,IF(AR56>AR57,AP56,""))))
G61: =IF(C65>C64,B65,IF(C64>C65,B64,IF(D65>D64,B65,IF(D64>D65,B64,"")))) | AK61: =IF(AQ65>AQ64,AP65,IF(AQ64>AQ65,AP64,IF(AR65>AR64,AP65,IF(AR64>AR65,AP64,""))))
B63: 82 | C63: Resultado | D63: Penales | AP63: 87 | AQ63: Resultado | AR63: Penales
B64: ='GRUPO G'!C8 -> Bélgica | AP64: ='GRUPO K'!C8 -> Portugal
B65: =INDIRECT("'GRUPO "&RIGHT(INDIRECT("'Mejores Terceros'!BO"&'Mejores Terceros'!AV4),1)&"'!C10") -> Corea | AP65: =INDIRECT("'GRUPO "&RIGHT(INDIRECT("'Mejores Terceros'!BQ"&'Mejores Terceros'!AV4),1)&"'!C10") -> Australia
